<?xml version="1.0"?>
<gpx xmlns="http://www.topografix.com/GPX/1/1" xmlns:xsi="http://www.w3.org/2001/XMLSchema-instance" xmlns:wptx1="http://www.garmin.com/xmlschemas/WaypointExtension/v1" xmlns:gpxtrx="http://www.garmin.com/xmlschemas/GpxExtensions/v3" xmlns:gpxtpx="http://www.garmin.com/xmlschemas/TrackPointExtension/v1" xmlns:gpxx="http://www.garmin.com/xmlschemas/GpxExtensions/v3" xmlns:trp="http://www.garmin.com/xmlschemas/TripExtensions/v1" xmlns:adv="http://www.garmin.com/xmlschemas/AdventuresExtensions/v1" xmlns:prs="http://www.garmin.com/xmlschemas/PressureExtension/v1" xmlns:tmd="http://www.garmin.com/xmlschemas/TripMetaDataExtensions/v1" xmlns:vptm="http://www.garmin.com/xmlschemas/ViaPointTransportationModeExtensions/v1" xmlns:ctx="http://www.garmin.com/xmlschemas/CreationTimeExtension/v1" xmlns:gpxacc="http://www.garmin.com/xmlschemas/AccelerationExtension/v1" xmlns:gpxpx="http://www.garmin.com/xmlschemas/PowerExtension/v1" xmlns:vidx1="http://www.garmin.com/xmlschemas/VideoExtension/v1" creator="Garmin Desktop App" version="1.1" xsi:schemaLocation="http://www.topografix.com/GPX/1/1 http://www.topografix.com/GPX/1/1/gpx.xsd http://www.garmin.com/xmlschemas/WaypointExtension/v1 http://www8.garmin.com/xmlschemas/WaypointExtensionv1.xsd http://www.garmin.com/xmlschemas/TrackPointExtension/v1 http://www.garmin.com/xmlschemas/TrackPointExtensionv1.xsd http://www.garmin.com/xmlschemas/GpxExtensions/v3 http://www8.garmin.com/xmlschemas/GpxExtensionsv3.xsd http://www.garmin.com/xmlschemas/ActivityExtension/v1 http://www8.garmin.com/xmlschemas/ActivityExtensionv1.xsd http://www.garmin.com/xmlschemas/AdventuresExtensions/v1 http://www8.garmin.com/xmlschemas/AdventuresExtensionv1.xsd http://www.garmin.com/xmlschemas/PressureExtension/v1 http://www.garmin.com/xmlschemas/PressureExtensionv1.xsd http://www.garmin.com/xmlschemas/TripExtensions/v1 http://www.garmin.com/xmlschemas/TripExtensionsv1.xsd http://www.garmin.com/xmlschemas/TripMetaDataExtensions/v1 http://www.garmin.com/xmlschemas/TripMetaDataExtensionsv1.xsd http://www.garmin.com/xmlschemas/ViaPointTransportationModeExtensions/v1 http://www.garmin.com/xmlschemas/ViaPointTransportationModeExtensionsv1.xsd http://www.garmin.com/xmlschemas/CreationTimeExtension/v1 http://www.garmin.com/xmlschemas/CreationTimeExtensionsv1.xsd http://www.garmin.com/xmlschemas/AccelerationExtension/v1 http://www.garmin.com/xmlschemas/AccelerationExtensionv1.xsd http://www.garmin.com/xmlschemas/PowerExtension/v1 http://www.garmin.com/xmlschemas/PowerExtensionv1.xsd http://www.garmin.com/xmlschemas/VideoExtension/v1 http://www.garmin.com/xmlschemas/VideoExtensionv1.xsd">
  <metadata>
    <link href="http://www.garmin.com">
      <text>Garmin International</text>
    </link>
    <time>2026-05-21T13:28:24Z</time>
    <bounds maxlat="51.254053115844727" maxlon="3.199092149734497" minlat="51.126079559326172" minlon="2.800076007843018"/>
  </metadata>
  
  <trk>
    <name>Tententreffenrit MTC Zedelgem 41e</name>
    <extensions>
      <gpxx:TrackExtension>
        <gpxx:DisplayColor>DarkGray</gpxx:DisplayColor>
      </gpxx:TrackExtension>
    </extensions>
    <trkseg>
      <trkpt lat="51.158108906820416" lon="3.198900790885091">
        <time>2026-02-22T08:29:19Z</time>
      </trkpt>
      <trkpt lat="51.157987117767334" lon="3.199092149734497"/>
      <trkpt lat="51.157554695382714" lon="3.198529640212655"/>
      <trkpt lat="51.157364845275879" lon="3.198287487030029"/>
      <trkpt lat="51.156656742095947" lon="3.197321891784668"/>
      <trkpt lat="51.15633487701416" lon="3.196742534637451"/>
      <trkpt lat="51.156184673309326" lon="3.196463584899902"/>
      <trkpt lat="51.156141757965088" lon="3.196356296539307"/>
      <trkpt lat="51.155970096588135" lon="3.195970058441162"/>
      <trkpt lat="51.155755519866943" lon="3.195304870605469"/>
      <trkpt lat="51.155626773834229" lon="3.194811344146729"/>
      <trkpt lat="51.155433654785156" lon="3.193695545196533"/>
      <trkpt lat="51.155390739440918" lon="3.192880153656006"/>
      <trkpt lat="51.15534782409668" lon="3.192322254180908"/>
      <trkpt lat="51.155304908752441" lon="3.191678524017334"/>
      <trkpt lat="51.155240535736084" lon="3.190820217132568"/>
      <trkpt lat="51.155197620391846" lon="3.190155029296875"/>
      <trkpt lat="51.155154705047607" lon="3.189575672149658"/>
      <trkpt lat="51.155133247375488" lon="3.189082145690918"/>
      <trkpt lat="51.155111789703369" lon="3.188931941986084"/>
      <trkpt lat="51.15509033203125" lon="3.188416957855225"/>
      <trkpt lat="51.15509033203125" lon="3.188180923461914"/>
      <trkpt lat="51.155068874359131" lon="3.187987804412842"/>
      <trkpt lat="51.155068874359131" lon="3.18779468536377"/>
      <trkpt lat="51.155004501342773" lon="3.187365531921387"/>
      <trkpt lat="51.155004501342773" lon="3.186700344085693"/>
      <trkpt lat="51.155025959014893" lon="3.185369968414307"/>
      <trkpt lat="51.154983043670654" lon="3.185112476348877"/>
      <trkpt lat="51.154875755310059" lon="3.184618949890137"/>
      <trkpt lat="51.15410327911377" lon="3.182773590087891"/>
      <trkpt lat="51.153910160064697" lon="3.182365894317627"/>
      <trkpt lat="51.153781414031982" lon="3.182129859924316"/>
      <trkpt lat="51.153180599212646" lon="3.180842399597168"/>
      <trkpt lat="51.152987480163574" lon="3.180370330810547"/>
      <trkpt lat="51.152429580688477" lon="3.178954124450684"/>
      <trkpt lat="51.152300834655762" lon="3.178675174713135"/>
      <trkpt lat="51.15333080291748" lon="3.178460597991943"/>
      <trkpt lat="51.154124736785889" lon="3.178503513336182"/>
      <trkpt lat="51.154940128326416" lon="3.178503513336182"/>
      <trkpt lat="51.155369281768799" lon="3.178246021270752"/>
      <trkpt lat="51.156742572784424" lon="3.176572322845459"/>
      <trkpt lat="51.158115863800049" lon="3.174962997436523"/>
      <trkpt lat="51.15957498550415" lon="3.173096179962158"/>
      <trkpt lat="51.159360408782959" lon="3.172581195831299"/>
      <trkpt lat="51.159124374389648" lon="3.172345161437988"/>
      <trkpt lat="51.161463260650635" lon="3.168675899505615"/>
      <trkpt lat="51.161913871765137" lon="3.167946338653564"/>
      <trkpt lat="51.162021160125732" lon="3.16805362701416"/>
      <trkpt lat="51.162514686584473" lon="3.168504238128662"/>
      <trkpt lat="51.16283655166626" lon="3.16880464553833"/>
      <trkpt lat="51.163094043731689" lon="3.169040679931641"/>
      <trkpt lat="51.163330078125" lon="3.169255256652832"/>
      <trkpt lat="51.164402961730957" lon="3.170263767242432"/>
      <trkpt lat="51.164810657501221" lon="3.170650005340576"/>
      <trkpt lat="51.164917945861816" lon="3.170757293701172"/>
      <trkpt lat="51.165003776550293" lon="3.170843124389648"/>
      <trkpt lat="51.166634559631348" lon="3.172345161437988"/>
      <trkpt lat="51.16682767868042" lon="3.17255973815918"/>
      <trkpt lat="51.166956424713135" lon="3.172688484191895"/>
      <trkpt lat="51.16706371307373" lon="3.172774314880371"/>
      <trkpt lat="51.167428493499756" lon="3.173096179962158"/>
      <trkpt lat="51.167600154876709" lon="3.173246383666992"/>
      <trkpt lat="51.168587207794189" lon="3.174190521240234"/>
      <trkpt lat="51.169188022613525" lon="3.174769878387451"/>
      <trkpt lat="51.169252395629883" lon="3.174512386322021"/>
      <trkpt lat="51.169230937957764" lon="3.174340724945068"/>
      <trkpt lat="51.168866157531738" lon="3.1740403175354"/>
      <trkpt lat="51.167664527893066" lon="3.172709941864014"/>
      <trkpt lat="51.167535781860352" lon="3.172581195831299"/>
      <trkpt lat="51.167299747467041" lon="3.172345161437988"/>
      <trkpt lat="51.167213916778564" lon="3.172152042388916"/>
      <trkpt lat="51.167407035827637" lon="3.17105770111084"/>
      <trkpt lat="51.167514324188232" lon="3.170478343963623"/>
      <trkpt lat="51.167922019958496" lon="3.168396949768066"/>
      <trkpt lat="51.168093681335449" lon="3.168010711669922"/>
      <trkpt lat="51.168243885040283" lon="3.167216777801514"/>
      <trkpt lat="51.168458461761475" lon="3.166143894195557"/>
      <trkpt lat="51.168544292449951" lon="3.165907859802246"/>
      <trkpt lat="51.168909072875977" lon="3.165478706359863"/>
      <trkpt lat="51.170260906219482" lon="3.16380500793457"/>
      <trkpt lat="51.171419620513916" lon="3.162367343902588"/>
      <trkpt lat="51.171655654907227" lon="3.162174224853516"/>
      <trkpt lat="51.17232084274292" lon="3.161616325378418"/>
      <trkpt lat="51.173543930053711" lon="3.160843849182129"/>
      <trkpt lat="51.17656946182251" lon="3.159298896789551"/>
      <trkpt lat="51.178543567657471" lon="3.158054351806641"/>
      <trkpt lat="51.179594993591309" lon="3.157539367675781"/>
      <trkpt lat="51.181161403656006" lon="3.156359195709229"/>
      <trkpt lat="51.182148456573486" lon="3.155779838562012"/>
      <trkpt lat="51.18330717086792" lon="3.155264854431152"/>
      <trkpt lat="51.18356466293335" lon="3.155243396759033"/>
      <trkpt lat="51.184380054473877" lon="3.154792785644531"/>
      <trkpt lat="51.18455171585083" lon="3.154728412628174"/>
      <trkpt lat="51.184766292572021" lon="3.15457820892334"/>
      <trkpt lat="51.18556022644043" lon="3.153955936431885"/>
      <trkpt lat="51.185646057128906" lon="3.153891563415527"/>
      <trkpt lat="51.186439990997314" lon="3.153247833251953"/>
      <trkpt lat="51.188178062438965" lon="3.151531219482422"/>
      <trkpt lat="51.188843250274658" lon="3.150951862335205"/>
      <trkpt lat="51.189014911651611" lon="3.15082311630249"/>
      <trkpt lat="51.189379692077637" lon="3.150629997253418"/>
      <trkpt lat="51.189529895782471" lon="3.150780200958252"/>
      <trkpt lat="51.18980884552002" lon="3.150994777679443"/>
      <trkpt lat="51.18980884552002" lon="3.15108060836792"/>
      <trkpt lat="51.189851760864258" lon="3.151209354400635"/>
      <trkpt lat="51.189980506896973" lon="3.151187896728516"/>
      <trkpt lat="51.190152168273926" lon="3.151659965515137"/>
      <trkpt lat="51.190516948699951" lon="3.152754306793213"/>
      <trkpt lat="51.190581321716309" lon="3.153011798858643"/>
      <trkpt lat="51.190903186798096" lon="3.15432071685791"/>
      <trkpt lat="51.191246509552002" lon="3.155715465545654"/>
      <trkpt lat="51.191310882568359" lon="3.155951499938965"/>
      <trkpt lat="51.191353797912598" lon="3.156187534332275"/>
      <trkpt lat="51.191418170928955" lon="3.156123161315918"/>
      <trkpt lat="51.192061901092529" lon="3.155522346496582"/>
      <trkpt lat="51.194679737091064" lon="3.153634071350098"/>
      <trkpt lat="51.195945739746094" lon="3.152754306793213"/>
      <trkpt lat="51.199378967285156" lon="3.150308132171631"/>
      <trkpt lat="51.199421882629395" lon="3.150265216827393"/>
      <trkpt lat="51.200881004333496" lon="3.149235248565674"/>
      <trkpt lat="51.201481819152832" lon="3.148720264434814"/>
      <trkpt lat="51.202361583709717" lon="3.147883415222168"/>
      <trkpt lat="51.20276927947998" lon="3.147497177124023"/>
      <trkpt lat="51.203176975250244" lon="3.146982192993164"/>
      <trkpt lat="51.204164028167725" lon="3.146188259124756"/>
      <trkpt lat="51.204142570495605" lon="3.146038055419922"/>
      <trkpt lat="51.203134059906006" lon="3.142733573913574"/>
      <trkpt lat="51.202211380004883" lon="3.140158653259277"/>
      <trkpt lat="51.201674938201904" lon="3.138227462768555"/>
      <trkpt lat="51.203434467315674" lon="3.136253356933594"/>
      <trkpt lat="51.204335689544678" lon="3.134944438934326"/>
      <trkpt lat="51.204378604888916" lon="3.134815692901611"/>
      <trkpt lat="51.204164028167725" lon="3.132498264312744"/>
      <trkpt lat="51.203820705413818" lon="3.1300950050354"/>
      <trkpt lat="51.203885078430176" lon="3.129622936248779"/>
      <trkpt lat="51.204013824462891" lon="3.129730224609375"/>
      <trkpt lat="51.204164028167725" lon="3.129794597625732"/>
      <trkpt lat="51.204764842987061" lon="3.130052089691162"/>
      <trkpt lat="51.205151081085205" lon="3.1300950050354"/>
      <trkpt lat="51.20551586151123" lon="3.130137920379639"/>
      <trkpt lat="51.206309795379639" lon="3.130180835723877"/>
      <trkpt lat="51.206803321838379" lon="3.129944801330566"/>
      <trkpt lat="51.207082271575928" lon="3.129644393920898"/>
      <trkpt lat="51.207232475280762" lon="3.129408359527588"/>
      <trkpt lat="51.207790374755859" lon="3.127927780151367"/>
      <trkpt lat="51.208069324493408" lon="3.126940727233887"/>
      <trkpt lat="51.208155155181885" lon="3.12659740447998"/>
      <trkpt lat="51.208219528198242" lon="3.12636137008667"/>
      <trkpt lat="51.208455562591553" lon="3.125567436218262"/>
      <trkpt lat="51.208541393280029" lon="3.125481605529785"/>
      <trkpt lat="51.208863258361816" lon="3.125374317169189"/>
      <trkpt lat="51.208927631378174" lon="3.125331401824951"/>
      <trkpt lat="51.208992004394531" lon="3.125588893890381"/>
      <trkpt lat="51.209356784820557" lon="3.126919269561768"/>
      <trkpt lat="51.209485530853271" lon="3.127477169036865"/>
      <trkpt lat="51.210086345672607" lon="3.13035249710083"/>
      <trkpt lat="51.210236549377441" lon="3.130502700805664"/>
      <trkpt lat="51.210343837738037" lon="3.130481243133545"/>
      <trkpt lat="51.210837364196777" lon="3.130180835723877"/>
      <trkpt lat="51.211502552032471" lon="3.1300950050354"/>
      <trkpt lat="51.211802959442139" lon="3.129966259002686"/>
      <trkpt lat="51.212639808654785" lon="3.129322528839111"/>
      <trkpt lat="51.214420795440674" lon="3.128335475921631"/>
      <trkpt lat="51.215386390686035" lon="3.128077983856201"/>
      <trkpt lat="51.216287612915039" lon="3.128077983856201"/>
      <trkpt lat="51.216845512390137" lon="3.127949237823486"/>
      <trkpt lat="51.217896938323975" lon="3.127841949462891"/>
      <trkpt lat="51.218326091766357" lon="3.126275539398193"/>
      <trkpt lat="51.218862533569336" lon="3.125760555267334"/>
      <trkpt lat="51.219162940979004" lon="3.125309944152832"/>
      <trkpt lat="51.219742298126221" lon="3.125181198120117"/>
      <trkpt lat="51.220300197601318" lon="3.124837875366211"/>
      <trkpt lat="51.221158504486084" lon="3.124752044677734"/>
      <trkpt lat="51.22276782989502" lon="3.124086856842041"/>
      <trkpt lat="51.224098205566406" lon="3.124043941497803"/>
      <trkpt lat="51.224935054779053" lon="3.123743534088135"/>
      <trkpt lat="51.22551441192627" lon="3.123335838317871"/>
      <trkpt lat="51.226115226745605" lon="3.122584819793701"/>
      <trkpt lat="51.227381229400635" lon="3.12185525894165"/>
      <trkpt lat="51.22899055480957" lon="3.120181560516357"/>
      <trkpt lat="51.229913234710693" lon="3.119516372680664"/>
      <trkpt lat="51.230857372283936" lon="3.118958473205566"/>
      <trkpt lat="51.230170726776123" lon="3.116040229797363"/>
      <trkpt lat="51.229870319366455" lon="3.115460872650146"/>
      <trkpt lat="51.229720115661621" lon="3.115074634552002"/>
      <trkpt lat="51.229784488677979" lon="3.114409446716309"/>
      <trkpt lat="51.229569911956787" lon="3.113443851470947"/>
      <trkpt lat="51.229355335235596" lon="3.11286449432373"/>
      <trkpt lat="51.229012012481689" lon="3.111555576324463"/>
      <trkpt lat="51.228668689727783" lon="3.11086893081665"/>
      <trkpt lat="51.228303909301758" lon="3.109731674194336"/>
      <trkpt lat="51.228604316711426" lon="3.109560012817383"/>
      <trkpt lat="51.227552890777588" lon="3.104109764099121"/>
      <trkpt lat="51.226673126220703" lon="3.102307319641113"/>
      <trkpt lat="51.22549295425415" lon="3.098938465118408"/>
      <trkpt lat="51.224849224090576" lon="3.09689998626709"/>
      <trkpt lat="51.224656105041504" lon="3.096020221710205"/>
      <trkpt lat="51.224462985992432" lon="3.094110488891602"/>
      <trkpt lat="51.224613189697266" lon="3.093745708465576"/>
      <trkpt lat="51.225192546844482" lon="3.092951774597168"/>
      <trkpt lat="51.225235462188721" lon="3.092737197875977"/>
      <trkpt lat="51.225171089172363" lon="3.092458248138428"/>
      <trkpt lat="51.225020885467529" lon="3.092114925384521"/>
      <trkpt lat="51.224184036254883" lon="3.090956211090088"/>
      <trkpt lat="51.223862171173096" lon="3.090419769287109"/>
      <trkpt lat="51.223776340484619" lon="3.089368343353271"/>
      <trkpt lat="51.223711967468262" lon="3.089110851287842"/>
      <trkpt lat="51.223475933074951" lon="3.088638782501221"/>
      <trkpt lat="51.223325729370117" lon="3.088102340698242"/>
      <trkpt lat="51.223390102386475" lon="3.087050914764404"/>
      <trkpt lat="51.223347187042236" lon="3.085527420043945"/>
      <trkpt lat="51.223390102386475" lon="3.084712028503418"/>
      <trkpt lat="51.223282814025879" lon="3.084282875061035"/>
      <trkpt lat="51.223089694976807" lon="3.08391809463501"/>
      <trkpt lat="51.222853660583496" lon="3.083016872406006"/>
      <trkpt lat="51.222939491271973" lon="3.08265209197998"/>
      <trkpt lat="51.223089694976807" lon="3.082201480865479"/>
      <trkpt lat="51.223669052124023" lon="3.081622123718262"/>
      <trkpt lat="51.2237548828125" lon="3.081471920013428"/>
      <trkpt lat="51.22401237487793" lon="3.080763816833496"/>
      <trkpt lat="51.224935054779053" lon="3.079454898834229"/>
      <trkpt lat="51.225020885467529" lon="3.079154491424561"/>
      <trkpt lat="51.225063800811768" lon="3.078360557556152"/>
      <trkpt lat="51.225450038909912" lon="3.078618049621582"/>
      <trkpt lat="51.226351261138916" lon="3.079540729522705"/>
      <trkpt lat="51.226844787597656" lon="3.079755306243896"/>
      <trkpt lat="51.227381229400635" lon="3.079884052276611"/>
      <trkpt lat="51.22826099395752" lon="3.079819679260254"/>
      <trkpt lat="51.229720115661621" lon="3.079841136932373"/>
      <trkpt lat="51.230471134185791" lon="3.07966947555542"/>
      <trkpt lat="51.231672763824463" lon="3.079218864440918"/>
      <trkpt lat="51.23375415802002" lon="3.079390525817871"/>
      <trkpt lat="51.233882904052734" lon="3.079240322113037"/>
      <trkpt lat="51.235063076019287" lon="3.076858520507812"/>
      <trkpt lat="51.235320568084717" lon="3.076300621032715"/>
      <trkpt lat="51.235384941101074" lon="3.076000213623047"/>
      <trkpt lat="51.235470771789551" lon="3.075828552246094"/>
      <trkpt lat="51.235535144805908" lon="3.075785636901855"/>
      <trkpt lat="51.235771179199219" lon="3.075721263885498"/>
      <trkpt lat="51.236457824707031" lon="3.075742721557617"/>
      <trkpt lat="51.237552165985107" lon="3.07567834854126"/>
      <trkpt lat="51.237723827362061" lon="3.075506687164307"/>
      <trkpt lat="51.237852573394775" lon="3.074691295623779"/>
      <trkpt lat="51.23798131942749" lon="3.074455261230469"/>
      <trkpt lat="51.23898983001709" lon="3.073897361755371"/>
      <trkpt lat="51.239676475524902" lon="3.073768615722656"/>
      <trkpt lat="51.240899562835693" lon="3.073661327362061"/>
      <trkpt lat="51.241714954376221" lon="3.073832988739014"/>
      <trkpt lat="51.241886615753174" lon="3.073790073394775"/>
      <trkpt lat="51.242508888244629" lon="3.073232173919678"/>
      <trkpt lat="51.243216991424561" lon="3.072223663330078"/>
      <trkpt lat="51.243710517883301" lon="3.071815967559814"/>
      <trkpt lat="51.244826316833496" lon="3.0706787109375"/>
      <trkpt lat="51.245555877685547" lon="3.070120811462402"/>
      <trkpt lat="51.24622106552124" lon="3.069455623626709"/>
      <trkpt lat="51.246607303619385" lon="3.069198131561279"/>
      <trkpt lat="51.247422695159912" lon="3.068211078643799"/>
      <trkpt lat="51.248173713684082" lon="3.067588806152344"/>
      <trkpt lat="51.248753070831299" lon="3.067073822021484"/>
      <trkpt lat="51.249246597290039" lon="3.066408634185791"/>
      <trkpt lat="51.250255107879639" lon="3.065593242645264"/>
      <trkpt lat="51.250770092010498" lon="3.064906597137451"/>
      <trkpt lat="51.251091957092285" lon="3.064413070678711"/>
      <trkpt lat="51.251585483551025" lon="3.063704967498779"/>
      <trkpt lat="51.252336502075195" lon="3.063082695007324"/>
      <trkpt lat="51.252808570861816" lon="3.062760829925537"/>
      <trkpt lat="51.253731250762939" lon="3.062267303466797"/>
      <trkpt lat="51.253774166107178" lon="3.062031269073486"/>
      <trkpt lat="51.25370979309082" lon="3.061516284942627"/>
      <trkpt lat="51.25370979309082" lon="3.061215877532959"/>
      <trkpt lat="51.253859996795654" lon="3.060078620910645"/>
      <trkpt lat="51.253881454467773" lon="3.059821128845215"/>
      <trkpt lat="51.253688335418701" lon="3.058426380157471"/>
      <trkpt lat="51.253495216369629" lon="3.057374954223633"/>
      <trkpt lat="51.253495216369629" lon="3.057096004486084"/>
      <trkpt lat="51.253323554992676" lon="3.057031631469727"/>
      <trkpt lat="51.253237724304199" lon="3.056902885437012"/>
      <trkpt lat="51.253194808959961" lon="3.05668830871582"/>
      <trkpt lat="51.253237724304199" lon="3.05645227432251"/>
      <trkpt lat="51.253302097320557" lon="3.056259155273438"/>
      <trkpt lat="51.253623962402344" lon="3.055830001831055"/>
      <trkpt lat="51.253774166107178" lon="3.055422306060791"/>
      <trkpt lat="51.253859996795654" lon="3.054327964782715"/>
      <trkpt lat="51.253902912139893" lon="3.05394172668457"/>
      <trkpt lat="51.253924369812012" lon="3.053641319274902"/>
      <trkpt lat="51.254053115844727" lon="3.05220365524292"/>
      <trkpt lat="51.254031658172607" lon="3.05171012878418"/>
      <trkpt lat="51.253688335418701" lon="3.049778938293457"/>
      <trkpt lat="51.253645420074463" lon="3.048770427703857"/>
      <trkpt lat="51.25347375869751" lon="3.047847747802734"/>
      <trkpt lat="51.253452301025391" lon="3.046882152557373"/>
      <trkpt lat="51.253559589385986" lon="3.046624660491943"/>
      <trkpt lat="51.253688335418701" lon="3.046474456787109"/>
      <trkpt lat="51.253795623779297" lon="3.046131134033203"/>
      <trkpt lat="51.253538131713867" lon="3.04595947265625"/>
      <trkpt lat="51.252915859222412" lon="3.045272827148438"/>
      <trkpt lat="51.252765655517578" lon="3.04520845413208"/>
      <trkpt lat="51.251735687255859" lon="3.045251369476318"/>
      <trkpt lat="51.251306533813477" lon="3.045380115509033"/>
      <trkpt lat="51.249589920043945" lon="3.045015335083008"/>
      <trkpt lat="51.249032020568848" lon="3.044779300689697"/>
      <trkpt lat="51.247937679290771" lon="3.04497241973877"/>
      <trkpt lat="51.247508525848389" lon="3.045186996459961"/>
      <trkpt lat="51.245920658111572" lon="3.045744895935059"/>
      <trkpt lat="51.245899200439453" lon="3.044843673706055"/>
      <trkpt lat="51.246006488800049" lon="3.042848110198975"/>
      <trkpt lat="51.245942115783691" lon="3.042440414428711"/>
      <trkpt lat="51.245319843292236" lon="3.041410446166992"/>
      <trkpt lat="51.244654655456543" lon="3.040659427642822"/>
      <trkpt lat="51.244590282440186" lon="3.040273189544678"/>
      <trkpt lat="51.244590282440186" lon="3.039865493774414"/>
      <trkpt lat="51.244847774505615" lon="3.039350509643555"/>
      <trkpt lat="51.245212554931641" lon="3.038921356201172"/>
      <trkpt lat="51.245298385620117" lon="3.038663864135742"/>
      <trkpt lat="51.245384216308594" lon="3.038020133972168"/>
      <trkpt lat="51.245319843292236" lon="3.037590980529785"/>
      <trkpt lat="51.245212554931641" lon="3.037118911743164"/>
      <trkpt lat="51.245298385620117" lon="3.036324977874756"/>
      <trkpt lat="51.245126724243164" lon="3.034822940826416"/>
      <trkpt lat="51.245169639587402" lon="3.034543991088867"/>
      <trkpt lat="51.245448589324951" lon="3.033685684204102"/>
      <trkpt lat="51.245920658111572" lon="3.032784461975098"/>
      <trkpt lat="51.245920658111572" lon="3.032398223876953"/>
      <trkpt lat="51.245813369750977" lon="3.03173303604126"/>
      <trkpt lat="51.245706081390381" lon="3.031089305877686"/>
      <trkpt lat="51.245748996734619" lon="3.029630184173584"/>
      <trkpt lat="51.2457275390625" lon="3.029394149780273"/>
      <trkpt lat="51.245534420013428" lon="3.028964996337891"/>
      <trkpt lat="51.244761943817139" lon="3.028278350830078"/>
      <trkpt lat="51.243324279785156" lon="3.025960922241211"/>
      <trkpt lat="51.243152618408203" lon="3.0257248878479"/>
      <trkpt lat="51.242702007293701" lon="3.024415969848633"/>
      <trkpt lat="51.242680549621582" lon="3.024222850799561"/>
      <trkpt lat="51.243302822113037" lon="3.023321628570557"/>
      <trkpt lat="51.243367195129395" lon="3.023107051849365"/>
      <trkpt lat="51.243345737457275" lon="3.022935390472412"/>
      <trkpt lat="51.243281364440918" lon="3.02297830581665"/>
      <trkpt lat="51.24248743057251" lon="3.023386001586914"/>
      <trkpt lat="51.242079734802246" lon="3.02372932434082"/>
      <trkpt lat="51.241908073425293" lon="3.023879528045654"/>
      <trkpt lat="51.241092681884766" lon="3.024587631225586"/>
      <trkpt lat="51.240942478179932" lon="3.024802207946777"/>
      <trkpt lat="51.240835189819336" lon="3.025038242340088"/>
      <trkpt lat="51.240363121032715" lon="3.025832176208496"/>
      <trkpt lat="51.240170001983643" lon="3.026111125946045"/>
      <trkpt lat="51.240041255950928" lon="3.026261329650879"/>
      <trkpt lat="51.239354610443115" lon="3.027012348175049"/>
      <trkpt lat="51.239032745361328" lon="3.027334213256836"/>
      <trkpt lat="51.238346099853516" lon="3.028020858764648"/>
      <trkpt lat="51.238024234771729" lon="3.028428554534912"/>
      <trkpt lat="51.237874031066895" lon="3.028621673583984"/>
      <trkpt lat="51.237702369689941" lon="3.028900623321533"/>
      <trkpt lat="51.237444877624512" lon="3.029522895812988"/>
      <trkpt lat="51.237165927886963" lon="3.030681610107422"/>
      <trkpt lat="51.236844062805176" lon="3.032312393188477"/>
      <trkpt lat="51.236650943756104" lon="3.033041954040527"/>
      <trkpt lat="51.236221790313721" lon="3.033792972564697"/>
      <trkpt lat="51.23549222946167" lon="3.034758567810059"/>
      <trkpt lat="51.235342025756836" lon="3.03497314453125"/>
      <trkpt lat="51.233389377593994" lon="3.037848472595215"/>
      <trkpt lat="51.232509613037109" lon="3.038942813873291"/>
      <trkpt lat="51.231887340545654" lon="3.03945779800415"/>
      <trkpt lat="51.230664253234863" lon="3.040144443511963"/>
      <trkpt lat="51.230535507202148" lon="3.04020881652832"/>
      <trkpt lat="51.230471134185791" lon="3.040230274200439"/>
      <trkpt lat="51.230406761169434" lon="3.040251731872559"/>
      <trkpt lat="51.229548454284668" lon="3.040702342987061"/>
      <trkpt lat="51.228067874908447" lon="3.040916919708252"/>
      <trkpt lat="51.227467060089111" lon="3.041281700134277"/>
      <trkpt lat="51.22675895690918" lon="3.042182922363281"/>
      <trkpt lat="51.226050853729248" lon="3.042590618133545"/>
      <trkpt lat="51.225149631500244" lon="3.043384552001953"/>
      <trkpt lat="51.224613189697266" lon="3.04370641708374"/>
      <trkpt lat="51.223733425140381" lon="3.043985366821289"/>
      <trkpt lat="51.223304271697998" lon="3.04419994354248"/>
      <trkpt lat="51.222574710845947" lon="3.04471492767334"/>
      <trkpt lat="51.221287250518799" lon="3.045744895935059"/>
      <trkpt lat="51.220622062683105" lon="3.046023845672607"/>
      <trkpt lat="51.220343112945557" lon="3.046259880065918"/>
      <trkpt lat="51.219742298126221" lon="3.046560287475586"/>
      <trkpt lat="51.219720840454102" lon="3.046367168426514"/>
      <trkpt lat="51.219785213470459" lon="3.04595947265625"/>
      <trkpt lat="51.22025728225708" lon="3.0442214012146"/>
      <trkpt lat="51.220364570617676" lon="3.043642044067383"/>
      <trkpt lat="51.220428943634033" lon="3.043491840362549"/>
      <trkpt lat="51.220729351043701" lon="3.043212890625"/>
      <trkpt lat="51.220815181732178" lon="3.043041229248047"/>
      <trkpt lat="51.221158504486084" lon="3.041517734527588"/>
      <trkpt lat="51.221158504486084" lon="3.040702342987061"/>
      <trkpt lat="51.220879554748535" lon="3.039114475250244"/>
      <trkpt lat="51.220922470092773" lon="3.038148880004883"/>
      <trkpt lat="51.220965385437012" lon="3.037054538726807"/>
      <trkpt lat="51.220858097076416" lon="3.036496639251709"/>
      <trkpt lat="51.220428943634033" lon="3.035595417022705"/>
      <trkpt lat="51.219291687011719" lon="3.033900260925293"/>
      <trkpt lat="51.219077110290527" lon="3.033320903778076"/>
      <trkpt lat="51.219055652618408" lon="3.033149242401123"/>
      <trkpt lat="51.219120025634766" lon="3.032784461975098"/>
      <trkpt lat="51.21950626373291" lon="3.031690120697021"/>
      <trkpt lat="51.219742298126221" lon="3.030080795288086"/>
      <trkpt lat="51.219699382781982" lon="3.028900623321533"/>
      <trkpt lat="51.219527721405029" lon="3.02797794342041"/>
      <trkpt lat="51.219527721405029" lon="3.027698993682861"/>
      <trkpt lat="51.219828128814697" lon="3.024673461914062"/>
      <trkpt lat="51.219720840454102" lon="3.024051189422607"/>
      <trkpt lat="51.219570636749268" lon="3.021605014801025"/>
      <trkpt lat="51.219313144683838" lon="3.020446300506592"/>
      <trkpt lat="51.219420433044434" lon="3.018729686737061"/>
      <trkpt lat="51.219313144683838" lon="3.01750659942627"/>
      <trkpt lat="51.219227313995361" lon="3.016712665557861"/>
      <trkpt lat="51.219398975372314" lon="3.015103340148926"/>
      <trkpt lat="51.219420433044434" lon="3.014481067657471"/>
      <trkpt lat="51.219377517700195" lon="3.014094829559326"/>
      <trkpt lat="51.219098567962646" lon="3.012721538543701"/>
      <trkpt lat="51.218476295471191" lon="3.011326789855957"/>
      <trkpt lat="51.218090057373047" lon="3.010210990905762"/>
      <trkpt lat="51.217918395996094" lon="3.009867668151855"/>
      <trkpt lat="51.217617988586426" lon="3.009395599365234"/>
      <trkpt lat="51.217403411865234" lon="3.009181022644043"/>
      <trkpt lat="51.216695308685303" lon="3.008794784545898"/>
      <trkpt lat="51.216566562652588" lon="3.008580207824707"/>
      <trkpt lat="51.21652364730835" lon="3.008430004119873"/>
      <trkpt lat="51.216394901275635" lon="3.00649881362915"/>
      <trkpt lat="51.216373443603516" lon="3.005490303039551"/>
      <trkpt lat="51.216287612915039" lon="3.005039691925049"/>
      <trkpt lat="51.215386390686035" lon="3.003795146942139"/>
      <trkpt lat="51.215300559997559" lon="3.003602027893066"/>
      <trkpt lat="51.21450662612915" lon="3.001241683959961"/>
      <trkpt lat="51.214420795440674" lon="3.000748157501221"/>
      <trkpt lat="51.214356422424316" lon="3.000040054321289"/>
      <trkpt lat="51.21452808380127" lon="2.999138832092285"/>
      <trkpt lat="51.214420795440674" lon="2.998538017272949"/>
      <trkpt lat="51.214442253112793" lon="2.998366355895996"/>
      <trkpt lat="51.214163303375244" lon="2.998538017272949"/>
      <trkpt lat="51.21375560760498" lon="2.998795509338379"/>
      <trkpt lat="51.212575435638428" lon="3.00025463104248"/>
      <trkpt lat="51.21152400970459" lon="3.002121448516846"/>
      <trkpt lat="51.211481094360352" lon="3.002228736877441"/>
      <trkpt lat="51.211352348327637" lon="3.002378940582275"/>
      <trkpt lat="51.211202144622803" lon="3.002378940582275"/>
      <trkpt lat="51.211116313934326" lon="3.002357482910156"/>
      <trkpt lat="51.210665702819824" lon="3.002142906188965"/>
      <trkpt lat="51.210579872131348" lon="3.002121448516846"/>
      <trkpt lat="51.210687160491943" lon="3.00152063369751"/>
      <trkpt lat="51.211094856262207" lon="2.999460697174072"/>
      <trkpt lat="51.211180686950684" lon="2.999095916748047"/>
      <trkpt lat="51.212618350982666" lon="2.992208003997803"/>
      <trkpt lat="51.212704181671143" lon="2.991864681243896"/>
      <trkpt lat="51.215150356292725" lon="2.980492115020752"/>
      <trkpt lat="51.213197708129883" lon="2.979419231414795"/>
      <trkpt lat="51.211802959442139" lon="2.978646755218506"/>
      <trkpt lat="51.211330890655518" lon="2.978389263153076"/>
      <trkpt lat="51.210794448852539" lon="2.978088855743408"/>
      <trkpt lat="51.210601329803467" lon="2.977981567382812"/>
      <trkpt lat="51.210429668426514" lon="2.977874279022217"/>
      <trkpt lat="51.210300922393799" lon="2.97778844833374"/>
      <trkpt lat="51.210000514984131" lon="2.97755241394043"/>
      <trkpt lat="51.209506988525391" lon="2.977273464202881"/>
      <trkpt lat="51.209099292755127" lon="2.977058887481689"/>
      <trkpt lat="51.207833290100098" lon="2.976350784301758"/>
      <trkpt lat="51.207361221313477" lon="2.976093292236328"/>
      <trkpt lat="51.206889152526855" lon="2.975835800170898"/>
      <trkpt lat="51.206824779510498" lon="2.975814342498779"/>
      <trkpt lat="51.20701789855957" lon="2.974848747253418"/>
      <trkpt lat="51.207640171051025" lon="2.971887588500977"/>
      <trkpt lat="51.207747459411621" lon="2.971222400665283"/>
      <trkpt lat="51.207962036132812" lon="2.970256805419922"/>
      <trkpt lat="51.208090782165527" lon="2.969634532928467"/>
      <trkpt lat="51.208155155181885" lon="2.969398498535156"/>
      <trkpt lat="51.208305358886719" lon="2.968668937683105"/>
      <trkpt lat="51.208348274230957" lon="2.968454360961914"/>
      <trkpt lat="51.208477020263672" lon="2.967853546142578"/>
      <trkpt lat="51.20851993560791" lon="2.967660427093506"/>
      <trkpt lat="51.208562850952148" lon="2.967467308044434"/>
      <trkpt lat="51.207276899367571" lon="2.966773118823767"/>
      <trkpt lat="51.207307577133179" lon="2.966786026954651"/>
      <trkpt lat="51.207310007885098" lon="2.966789966449142"/>
      <trkpt lat="51.207960024476051" lon="2.967139994725585"/>
      <trkpt lat="51.208569975569844" lon="2.967460015788674"/>
      <trkpt lat="51.208599982783198" lon="2.967479964718223"/>
      <trkpt lat="51.208850014954805" lon="2.966340025886893"/>
      <trkpt lat="51.208940036594868" lon="2.965929983183742"/>
      <trkpt lat="51.20898999273777" lon="2.965729990974069"/>
      <trkpt lat="51.209019999951124" lon="2.965529998764396"/>
      <trkpt lat="51.209249999374151" lon="2.964449990540743"/>
      <trkpt lat="51.209540013223886" lon="2.963120033964515"/>
      <trkpt lat="51.209860034286976" lon="2.96165001578629"/>
      <trkpt lat="51.209900015965104" lon="2.961490005254745"/>
      <trkpt lat="51.210290025919676" lon="2.959740031510592"/>
      <trkpt lat="51.210520025342703" lon="2.958720037713647"/>
      <trkpt lat="51.210599988698959" lon="2.958360034972429"/>
      <trkpt lat="51.21072999201715" lon="2.957770032808185"/>
      <trkpt lat="51.210810039192438" lon="2.957429978996515"/>
      <trkpt lat="51.210890002548695" lon="2.957090009003878"/>
      <trkpt lat="51.210929984226823" lon="2.956899991258979"/>
      <trkpt lat="51.21115998364985" lon="2.95571998693049"/>
      <trkpt lat="51.21118001639843" lon="2.955610016360879"/>
      <trkpt lat="51.211429964751005" lon="2.954469993710518"/>
      <trkpt lat="51.212030025199056" lon="2.951770015060902"/>
      <trkpt lat="51.212030025199056" lon="2.951770015060902"/>
      <trkpt lat="51.212439984083176" lon="2.949909986928105"/>
      <trkpt lat="51.212709965184331" lon="2.948669968172908"/>
      <trkpt lat="51.212790012359619" lon="2.948290016502142"/>
      <trkpt lat="51.212839968502522" lon="2.948069991543889"/>
      <trkpt lat="51.212969971820712" lon="2.947419974952936"/>
      <trkpt lat="51.212999979034066" lon="2.947289971634746"/>
      <trkpt lat="51.213020011782646" lon="2.947159968316555"/>
      <trkpt lat="51.213069967925549" lon="2.946929968893528"/>
      <trkpt lat="51.213289992883801" lon="2.945960015058517"/>
      <trkpt lat="51.213710010051727" lon="2.944029998034239"/>
      <trkpt lat="51.21292001567781" lon="2.943700002506375"/>
      <trkpt lat="51.212260024622083" lon="2.943419963121414"/>
      <trkpt lat="51.212000017985702" lon="2.943309992551804"/>
      <trkpt lat="51.211900021880865" lon="2.943300018087029"/>
      <trkpt lat="51.211689971387386" lon="2.943309992551804"/>
      <trkpt lat="51.211659964174032" lon="2.943200021982193"/>
      <trkpt lat="51.211619982495904" lon="2.943110000342131"/>
      <trkpt lat="51.211570026353002" lon="2.943130033090711"/>
      <trkpt lat="51.211480004712939" lon="2.943110000342131"/>
      <trkpt lat="51.211350001394749" lon="2.943040011450648"/>
      <trkpt lat="51.211110027506948" lon="2.942940015345812"/>
      <trkpt lat="51.20944001711905" lon="2.94242000207305"/>
      <trkpt lat="51.209319988265634" lon="2.942380020394921"/>
      <trkpt lat="51.208030013367534" lon="2.941960003226995"/>
      <trkpt lat="51.207749973982573" lon="2.941850032657385"/>
      <trkpt lat="51.207589963451028" lon="2.941699996590614"/>
      <trkpt lat="51.207449985668063" lon="2.941469997167587"/>
      <trkpt lat="51.207340015098453" lon="2.941230023279786"/>
      <trkpt lat="51.207259967923164" lon="2.941049979999661"/>
      <trkpt lat="51.207219986245036" lon="2.940959958359599"/>
      <trkpt lat="51.207189979031682" lon="2.940900027751923"/>
      <trkpt lat="51.207010019570589" lon="2.940470036119223"/>
      <trkpt lat="51.206829976290464" lon="2.940059993416071"/>
      <trkpt lat="51.206650016829371" lon="2.939639976248145"/>
      <trkpt lat="51.206459999084473" lon="2.939209984615445"/>
      <trkpt lat="51.206299988552928" lon="2.938930029049516"/>
      <trkpt lat="51.205749968066812" lon="2.938170041888952"/>
      <trkpt lat="51.205540001392365" lon="2.937890002503991"/>
      <trkpt lat="51.205230038613081" lon="2.937460010871291"/>
      <trkpt lat="51.205040020868182" lon="2.93720000423491"/>
      <trkpt lat="51.204870035871863" lon="2.937030019238591"/>
      <trkpt lat="51.204719999805093" lon="2.936949972063303"/>
      <trkpt lat="51.204640036448836" lon="2.936939997598529"/>
      <trkpt lat="51.204329989850521" lon="2.936909990385175"/>
      <trkpt lat="51.204169979318976" lon="2.936900015920401"/>
      <trkpt lat="51.204039976000786" lon="2.936900015920401"/>
      <trkpt lat="51.203849958255887" lon="2.936849975958467"/>
      <trkpt lat="51.203790027648211" lon="2.936830027028918"/>
      <trkpt lat="51.203609984368086" lon="2.936779987066984"/>
      <trkpt lat="51.203449973836541" lon="2.93674997985363"/>
      <trkpt lat="51.20318996720016" lon="2.936679990962148"/>
      <trkpt lat="51.202440038323402" lon="2.936470024287701"/>
      <trkpt lat="51.202369965612888" lon="2.936410009860992"/>
      <trkpt lat="51.202369965612888" lon="2.936410009860992"/>
      <trkpt lat="51.202290002256632" lon="2.93634002096951"/>
      <trkpt lat="51.202169973403215" lon="2.936199959367514"/>
      <trkpt lat="51.202139966189861" lon="2.936170035973191"/>
      <trkpt lat="51.202150024473667" lon="2.936119996011257"/>
      <trkpt lat="51.202150024473667" lon="2.936050007119775"/>
      <trkpt lat="51.202139966189861" lon="2.936010025441647"/>
      <trkpt lat="51.202120017260313" lon="2.935959985479712"/>
      <trkpt lat="51.202090010046959" lon="2.935940036550164"/>
      <trkpt lat="51.202060002833605" lon="2.935929978266358"/>
      <trkpt lat="51.202029995620251" lon="2.935940036550164"/>
      <trkpt lat="51.201999988406897" lon="2.935969959944487"/>
      <trkpt lat="51.201980039477348" lon="2.936010025441647"/>
      <trkpt lat="51.201969981193542" lon="2.936050007119775"/>
      <trkpt lat="51.201969981193542" lon="2.936050007119775"/>
      <trkpt lat="51.201969981193542" lon="2.936050007119775"/>
      <trkpt lat="51.201969981193542" lon="2.936119996011257"/>
      <trkpt lat="51.201980039477348" lon="2.936170035973191"/>
      <trkpt lat="51.20187995955348" lon="2.93631998822093"/>
      <trkpt lat="51.20179002173245" lon="2.936479998752475"/>
      <trkpt lat="51.201709974557161" lon="2.936670016497374"/>
      <trkpt lat="51.201630011200905" lon="2.936900015920401"/>
      <trkpt lat="51.201549964025617" lon="2.937209978699684"/>
      <trkpt lat="51.20147000066936" lon="2.937590014189482"/>
      <trkpt lat="51.201439993456006" lon="2.937729991972446"/>
      <trkpt lat="51.201390037313104" lon="2.938010031357408"/>
      <trkpt lat="51.201290041208267" lon="2.938529960811138"/>
      <trkpt lat="51.201219968497753" lon="2.938879989087582"/>
      <trkpt lat="51.201140005141497" lon="2.939260024577379"/>
      <trkpt lat="51.200979994609952" lon="2.939999978989363"/>
      <trkpt lat="51.200979994609952" lon="2.939999978989363"/>
      <trkpt lat="51.20088997296989" lon="2.940419996157289"/>
      <trkpt lat="51.201100023463368" lon="2.940629962831736"/>
      <trkpt lat="51.202020021155477" lon="2.941569993272424"/>
      <trkpt lat="51.202169973403215" lon="2.941760011017323"/>
      <trkpt lat="51.202280027791858" lon="2.941939970478415"/>
      <trkpt lat="51.202359991148114" lon="2.942139962688088"/>
      <trkpt lat="51.202429980039597" lon="2.942359987646341"/>
      <trkpt lat="51.202489994466305" lon="2.942710015922785"/>
      <trkpt lat="51.202529976144433" lon="2.943089967593551"/>
      <trkpt lat="51.202529976144433" lon="2.943089967593551"/>
      <trkpt lat="51.202699961140752" lon="2.944910014048219"/>
      <trkpt lat="51.202750001102686" lon="2.945370012894273"/>
      <trkpt lat="51.20275997556746" lon="2.945720041170716"/>
      <trkpt lat="51.202770033851266" lon="2.94616000726819"/>
      <trkpt lat="51.202770033851266" lon="2.946510035544634"/>
      <trkpt lat="51.202789982780814" lon="2.948009977117181"/>
      <trkpt lat="51.202789982780814" lon="2.950910031795502"/>
      <trkpt lat="51.202810015529394" lon="2.951419986784458"/>
      <trkpt lat="51.202810015529394" lon="2.951419986784458"/>
      <trkpt lat="51.202810015529394" lon="2.951579997316003"/>
      <trkpt lat="51.202900037169456" lon="2.954539982602"/>
      <trkpt lat="51.202900037169456" lon="2.95483997091651"/>
      <trkpt lat="51.202910011634231" lon="2.955159991979599"/>
      <trkpt lat="51.202919986099005" lon="2.95541999861598"/>
      <trkpt lat="51.202940018847585" lon="2.956040007993579"/>
      <trkpt lat="51.202989974990487" lon="2.95761002227664"/>
      <trkpt lat="51.203000033274293" lon="2.957989973947406"/>
      <trkpt lat="51.202989974990487" lon="2.958330027759075"/>
      <trkpt lat="51.202980000525713" lon="2.958679972216487"/>
      <trkpt lat="51.202970026060939" lon="2.959169978275895"/>
      <trkpt lat="51.202970026060939" lon="2.95945999212563"/>
      <trkpt lat="51.202989974990487" lon="2.959689991548657"/>
      <trkpt lat="51.203040014952421" lon="2.959970030933619"/>
      <trkpt lat="51.203100029379129" lon="2.960330033674836"/>
      <trkpt lat="51.203240007162094" lon="2.960830014199018"/>
      <trkpt lat="51.203289963304996" lon="2.960999999195337"/>
      <trkpt lat="51.203389959409833" lon="2.96119999140501"/>
      <trkpt lat="51.203490039333701" lon="2.961369976401329"/>
      <trkpt lat="51.203609984368086" lon="2.9615200124681"/>
      <trkpt lat="51.203720038756728" lon="2.96162998303771"/>
      <trkpt lat="51.204139972105622" lon="2.961910022422671"/>
      <trkpt lat="51.204250026494265" lon="2.962040025740862"/>
      <trkpt lat="51.204339964315295" lon="2.962189977988601"/>
      <trkpt lat="51.204420011490583" lon="2.96240002848208"/>
      <trkpt lat="51.204480025917292" lon="2.962600020691752"/>
      <trkpt lat="51.204510033130646" lon="2.962800012901425"/>
      <trkpt lat="51.20449997484684" lon="2.963030012324452"/>
      <trkpt lat="51.204480025917292" lon="2.963190022855997"/>
      <trkpt lat="51.204439960420132" lon="2.963350033387542"/>
      <trkpt lat="51.204380029812455" lon="2.963520018383861"/>
      <trkpt lat="51.204280033707619" lon="2.963699977844954"/>
      <trkpt lat="51.204160004854202" lon="2.96382000669837"/>
      <trkpt lat="51.203939979895949" lon="2.964010024443269"/>
      <trkpt lat="51.203879965469241" lon="2.964059980586171"/>
      <trkpt lat="51.203879965469241" lon="2.964059980586171"/>
      <trkpt lat="51.203790027648211" lon="2.964140027761459"/>
      <trkpt lat="51.203630017116666" lon="2.964280005544424"/>
      <trkpt lat="51.203490039333701" lon="2.964410008862615"/>
      <trkpt lat="51.203360036015511" lon="2.964600026607513"/>
      <trkpt lat="51.203279988840222" lon="2.964779986068606"/>
      <trkpt lat="51.203219974413514" lon="2.964949971064925"/>
      <trkpt lat="51.20318996720016" lon="2.965120039880276"/>
      <trkpt lat="51.203170018270612" lon="2.965249959379435"/>
      <trkpt lat="51.202940018847585" lon="2.9678800329566"/>
      <trkpt lat="51.202889978885651" lon="2.968080025166273"/>
      <trkpt lat="51.202829964458942" lon="2.968259984627366"/>
      <trkpt lat="51.202750001102686" lon="2.968419995158911"/>
      <trkpt lat="51.202689986675978" lon="2.968499958515167"/>
      <trkpt lat="51.202650004997849" lon="2.968549998477101"/>
      <trkpt lat="51.202520001679659" lon="2.968649994581938"/>
      <trkpt lat="51.202489994466305" lon="2.968600038439035"/>
      <trkpt lat="51.202440038323402" lon="2.968580005690455"/>
      <trkpt lat="51.202389998361468" lon="2.968600038439035"/>
      <trkpt lat="51.202359991148114" lon="2.968649994581938"/>
      <trkpt lat="51.20235001668334" lon="2.96871998347342"/>
      <trkpt lat="51.202259995043278" lon="2.968680001795292"/>
      <trkpt lat="51.202080035582185" lon="2.968680001795292"/>
      <trkpt lat="51.201909966766834" lon="2.968710009008646"/>
      <trkpt lat="51.201679967343807" lon="2.968740016222"/>
      <trkpt lat="51.201479975134134" lon="2.968779997900128"/>
      <trkpt lat="51.20144996792078" lon="2.968789972364902"/>
      <trkpt lat="51.201170012354851" lon="2.968830037862062"/>
      <trkpt lat="51.20088997296989" lon="2.968870019540191"/>
      <trkpt lat="51.200700039044023" lon="2.968889968469739"/>
      <trkpt lat="51.200649999082088" lon="2.968930033966899"/>
      <trkpt lat="51.200619991868734" lon="2.968960041180253"/>
      <trkpt lat="51.200540028512478" lon="2.969070011749864"/>
      <trkpt lat="51.19975003413856" lon="2.970559978857636"/>
      <trkpt lat="51.199109992012382" lon="2.971709975972772"/>
      <trkpt lat="51.199049977585673" lon="2.971809972077608"/>
      <trkpt lat="51.198589978739619" lon="2.972680013626814"/>
      <trkpt lat="51.1984199937433" lon="2.973019983619452"/>
      <trkpt lat="51.198359979316592" lon="2.973110005259514"/>
      <trkpt lat="51.197899980470538" lon="2.974039977416396"/>
      <trkpt lat="51.197190033271909" lon="2.975289970636368"/>
      <trkpt lat="51.196900019422174" lon="2.975770002231002"/>
      <trkpt lat="51.196730034425855" lon="2.976009976118803"/>
      <trkpt lat="51.196649987250566" lon="2.97580998390913"/>
      <trkpt lat="51.196579998359084" lon="2.975660031661391"/>
      <trkpt lat="51.196540016680956" lon="2.975589958950877"/>
      <trkpt lat="51.196500035002828" lon="2.975519970059395"/>
      <trkpt lat="51.196410013362765" lon="2.975389966741204"/>
      <trkpt lat="51.196329966187477" lon="2.975289970636368"/>
      <trkpt lat="51.196199962869287" lon="2.975149992853403"/>
      <trkpt lat="51.196129973977804" lon="2.975080003961921"/>
      <trkpt lat="51.196020003408194" lon="2.974980007857084"/>
      <trkpt lat="51.195899974554777" lon="2.974859979003668"/>
      <trkpt lat="51.195829985663295" lon="2.974780015647411"/>
      <trkpt lat="51.195750022307038" lon="2.974659986793995"/>
      <trkpt lat="51.195680033415556" lon="2.974529983475804"/>
      <trkpt lat="51.195599986240268" lon="2.97436997294426"/>
      <trkpt lat="51.195360012352467" lon="2.973899999633431"/>
      <trkpt lat="51.19523998349905" lon="2.973670000210404"/>
      <trkpt lat="51.195160020142794" lon="2.973500015214086"/>
      <trkpt lat="51.195039991289377" lon="2.97323003411293"/>
      <trkpt lat="51.194979976862669" lon="2.973119979724288"/>
      <trkpt lat="51.194909987971187" lon="2.973010009154677"/>
      <trkpt lat="51.19480999186635" lon="2.972870031371713"/>
      <trkpt lat="51.194779984652996" lon="2.972840024158359"/>
      <trkpt lat="51.194689963012934" lon="2.972719995304942"/>
      <trkpt lat="51.194619974121451" lon="2.972589991986752"/>
      <trkpt lat="51.194540010765195" lon="2.972420006990433"/>
      <trkpt lat="51.194489970803261" lon="2.972269970923662"/>
      <trkpt lat="51.194449989125133" lon="2.972120018675923"/>
      <trkpt lat="51.194410007447004" lon="2.971930000931025"/>
      <trkpt lat="51.19435996748507" lon="2.971669994294643"/>
      <trkpt lat="51.194319985806942" lon="2.97149003483355"/>
      <trkpt lat="51.194259971380234" lon="2.971309991553426"/>
      <trkpt lat="51.194210015237331" lon="2.971170013770461"/>
      <trkpt lat="51.194140026345849" lon="2.971019977703691"/>
      <trkpt lat="51.194040030241013" lon="2.970870025455952"/>
      <trkpt lat="51.19395000860095" lon="2.970759971067309"/>
      <trkpt lat="51.193859986960888" lon="2.970659974962473"/>
      <trkpt lat="51.193759990856051" lon="2.970580011606216"/>
      <trkpt lat="51.193659994751215" lon="2.970510022714734"/>
      <trkpt lat="51.193429995328188" lon="2.970380019396544"/>
      <trkpt lat="51.193320024758577" lon="2.970299972221255"/>
      <trkpt lat="51.193230003118515" lon="2.970210034400225"/>
      <trkpt lat="51.193160014227033" lon="2.970129987224936"/>
      <trkpt lat="51.19309002533555" lon="2.97000995837152"/>
      <trkpt lat="51.193039985373616" lon="2.969909962266684"/>
      <trkpt lat="51.192770004272461" lon="2.969319960102439"/>
      <trkpt lat="51.192549979314208" lon="2.968830037862062"/>
      <trkpt lat="51.192479990422726" lon="2.968640020117164"/>
      <trkpt lat="51.192419975996017" lon="2.968440027907491"/>
      <trkpt lat="51.192370019853115" lon="2.968220002949238"/>
      <trkpt lat="51.192340012639761" lon="2.968029985204339"/>
      <trkpt lat="51.192319979891181" lon="2.96783996745944"/>
      <trkpt lat="51.192319979891181" lon="2.967290030792356"/>
      <trkpt lat="51.192349987104535" lon="2.966489978134632"/>
      <trkpt lat="51.192389968782663" lon="2.965439977124333"/>
      <trkpt lat="51.192410001531243" lon="2.964960029348731"/>
      <trkpt lat="51.192440008744597" lon="2.964489972218871"/>
      <trkpt lat="51.192560037598014" lon="2.963199997320771"/>
      <trkpt lat="51.192700015380979" lon="2.961680022999644"/>
      <trkpt lat="51.192749971523881" lon="2.96106998808682"/>
      <trkpt lat="51.192760029807687" lon="2.960860021412373"/>
      <trkpt lat="51.192760029807687" lon="2.960730018094182"/>
      <trkpt lat="51.192739997059107" lon="2.960570007562637"/>
      <trkpt lat="51.192400027066469" lon="2.960900003090501"/>
      <trkpt lat="51.192119987681508" lon="2.96117995865643"/>
      <trkpt lat="51.191959977149963" lon="2.961329994723201"/>
      <trkpt lat="51.191829973831773" lon="2.961429990828037"/>
      <trkpt lat="51.191720003262162" lon="2.961490005254745"/>
      <trkpt lat="51.191599974408746" lon="2.961539961397648"/>
      <trkpt lat="51.191480029374361" lon="2.961569968611002"/>
      <trkpt lat="51.191339967772365" lon="2.961590001359582"/>
      <trkpt lat="51.191130001097918" lon="2.961599975824356"/>
      <trkpt lat="51.190300025045872" lon="2.961620008572936"/>
      <trkpt lat="51.189199984073639" lon="2.961640041321516"/>
      <trkpt lat="51.188679970800877" lon="2.96165001578629"/>
      <trkpt lat="51.188230030238628" lon="2.961659990251064"/>
      <trkpt lat="51.187689984217286" lon="2.961680022999644"/>
      <trkpt lat="51.186319962143898" lon="2.961720004677773"/>
      <trkpt lat="51.184070007875562" lon="2.961780019104481"/>
      <trkpt lat="51.182939959689975" lon="2.961810026317835"/>
      <trkpt lat="51.182409971952438" lon="2.961810026317835"/>
      <trkpt lat="51.182139990851283" lon="2.961810026317835"/>
      <trkpt lat="51.18191996589303" lon="2.961829975247383"/>
      <trkpt lat="51.181779988110065" lon="2.961850007995963"/>
      <trkpt lat="51.181679992005229" lon="2.961870040744543"/>
      <trkpt lat="51.181540014222264" lon="2.961910022422671"/>
      <trkpt lat="51.181410010904074" lon="2.96192997135222"/>
      <trkpt lat="51.180910030379891" lon="2.959039974957705"/>
      <trkpt lat="51.180769968777895" lon="2.958219973370433"/>
      <trkpt lat="51.180420024320483" lon="2.956249974668026"/>
      <trkpt lat="51.180360009893775" lon="2.955910004675388"/>
      <trkpt lat="51.180320028215647" lon="2.955680005252361"/>
      <trkpt lat="51.180239981040359" lon="2.955220006406307"/>
      <trkpt lat="51.180169992148876" lon="2.954809963703156"/>
      <trkpt lat="51.180120036005974" lon="2.95443001203239"/>
      <trkpt lat="51.180039988830686" lon="2.953730039298534"/>
      <trkpt lat="51.179960025474429" lon="2.952880030497909"/>
      <trkpt lat="51.179359965026379" lon="2.947149993851781"/>
      <trkpt lat="51.179300034418702" lon="2.946529984474182"/>
      <trkpt lat="51.179249994456768" lon="2.946020029485226"/>
      <trkpt lat="51.178899966180325" lon="2.942659975960851"/>
      <trkpt lat="51.178680025041103" lon="2.940499959513545"/>
      <trkpt lat="51.178510040044785" lon="2.938870014622808"/>
      <trkpt lat="51.17846000008285" lon="2.938389983028173"/>
      <trkpt lat="51.178409960120916" lon="2.937950016930699"/>
      <trkpt lat="51.178409960120916" lon="2.937929984182119"/>
      <trkpt lat="51.178409960120916" lon="2.937929984182119"/>
      <trkpt lat="51.17835002951324" lon="2.937490018084645"/>
      <trkpt lat="51.178290015086532" lon="2.937070000916719"/>
      <trkpt lat="51.178090022876859" lon="2.93588999658823"/>
      <trkpt lat="51.177849965170026" lon="2.93444998562336"/>
      <trkpt lat="51.177690038457513" lon="2.933520013466477"/>
      <trkpt lat="51.177340010181069" lon="2.931369971483946"/>
      <trkpt lat="51.177000040188432" lon="2.929399972781539"/>
      <trkpt lat="51.176450019702315" lon="2.926149973645806"/>
      <trkpt lat="51.175449974834919" lon="2.920150039717555"/>
      <trkpt lat="51.174770034849644" lon="2.916120020672679"/>
      <trkpt lat="51.174659980461001" lon="2.91550001129508"/>
      <trkpt lat="51.174529977142811" lon="2.914810013025999"/>
      <trkpt lat="51.174389999359846" lon="2.914090007543564"/>
      <trkpt lat="51.17429000325501" lon="2.913569994270802"/>
      <trkpt lat="51.17426997050643" lon="2.913439990952611"/>
      <trkpt lat="51.174210039898753" lon="2.913070013746619"/>
      <trkpt lat="51.174109959974885" lon="2.912499960511923"/>
      <trkpt lat="51.174080036580563" lon="2.91232000105083"/>
      <trkpt lat="51.174050029367208" lon="2.912140041589737"/>
      <trkpt lat="51.174029996618629" lon="2.912029987201095"/>
      <trkpt lat="51.1739900149405" lon="2.911760006099939"/>
      <trkpt lat="51.173769989982247" lon="2.910370035097003"/>
      <trkpt lat="51.173739982768893" lon="2.91012997739017"/>
      <trkpt lat="51.173700001090765" lon="2.909769974648952"/>
      <trkpt lat="51.173660019412637" lon="2.909369990229607"/>
      <trkpt lat="51.173609979450703" lon="2.908530039712787"/>
      <trkpt lat="51.173400012776256" lon="2.905499981716275"/>
      <trkpt lat="51.173100024461746" lon="2.901069978252053"/>
      <trkpt lat="51.173049984499812" lon="2.900219969451427"/>
      <trkpt lat="51.172889973968267" lon="2.897960040718317"/>
      <trkpt lat="51.1727000400424" lon="2.895080018788576"/>
      <trkpt lat="51.1727000400424" lon="2.895080018788576"/>
      <trkpt lat="51.1727000400424" lon="2.895080018788576"/>
      <trkpt lat="51.172459982335567" lon="2.891570013016462"/>
      <trkpt lat="51.172299971804023" lon="2.889149989932775"/>
      <trkpt lat="51.172220008447766" lon="2.888090014457703"/>
      <trkpt lat="51.172129986807704" lon="2.88671001791954"/>
      <trkpt lat="51.172039965167642" lon="2.885309988632798"/>
      <trkpt lat="51.171839972957969" lon="2.882489981129766"/>
      <trkpt lat="51.171769984066486" lon="2.881379965692759"/>
      <trkpt lat="51.171730002388358" lon="2.880760040134192"/>
      <trkpt lat="51.171650039032102" lon="2.879650024697185"/>
      <trkpt lat="51.171609973534942" lon="2.87919002585113"/>
      <trkpt lat="51.171750035136938" lon="2.879160018637776"/>
      <trkpt lat="51.171920020133257" lon="2.879130011424422"/>
      <trkpt lat="51.171760009601712" lon="2.877209968864918"/>
      <trkpt lat="51.17169002071023" lon="2.87628997117281"/>
      <trkpt lat="51.171420039609075" lon="2.872300017625093"/>
      <trkpt lat="51.171609973534942" lon="2.872079992666841"/>
      <trkpt lat="51.171609973534942" lon="2.872079992666841"/>
      <trkpt lat="51.172289997339249" lon="2.871299972757697"/>
      <trkpt lat="51.172320004552603" lon="2.871269965544343"/>
      <trkpt lat="51.172629967331886" lon="2.870860006660223"/>
      <trkpt lat="51.172829959541559" lon="2.870569992810488"/>
      <trkpt lat="51.172949988394976" lon="2.870300011709332"/>
      <trkpt lat="51.173189962282777" lon="2.869979990646243"/>
      <trkpt lat="51.173479976132512" lon="2.8696299623698"/>
      <trkpt lat="51.173999989405274" lon="2.869010036811233"/>
      <trkpt lat="51.174280028790236" lon="2.868630001321435"/>
      <trkpt lat="51.174729969352484" lon="2.868170002475381"/>
      <trkpt lat="51.17482996545732" lon="2.868090039119124"/>
      <trkpt lat="51.175140012055635" lon="2.867619981989264"/>
      <trkpt lat="51.175370011478662" lon="2.867329968139529"/>
      <trkpt lat="51.175549970939755" lon="2.867140034213662"/>
      <trkpt lat="51.175700007006526" lon="2.867020005360246"/>
      <trkpt lat="51.175869992002845" lon="2.866939958184958"/>
      <trkpt lat="51.175950039178133" lon="2.866920009255409"/>
      <trkpt lat="51.176030002534389" lon="2.866790005937219"/>
      <trkpt lat="51.176090016961098" lon="2.866629995405674"/>
      <trkpt lat="51.176139973104" lon="2.866439977660775"/>
      <trkpt lat="51.176139973104" lon="2.866439977660775"/>
      <trkpt lat="51.176199987530708" lon="2.86616999655962"/>
      <trkpt lat="51.176250027492642" lon="2.865830026566982"/>
      <trkpt lat="51.176260001957417" lon="2.865619976073503"/>
      <trkpt lat="51.176229994744062" lon="2.865359969437122"/>
      <trkpt lat="51.176169980317354" lon="2.864969959482551"/>
      <trkpt lat="51.176139973104" lon="2.864360008388758"/>
      <trkpt lat="51.175939980894327" lon="2.863319981843233"/>
      <trkpt lat="51.175899999216199" lon="2.862910022959113"/>
      <trkpt lat="51.175920031964779" lon="2.862190017476678"/>
      <trkpt lat="51.175999995321035" lon="2.860959973186255"/>
      <trkpt lat="51.175969988107681" lon="2.860489999875426"/>
      <trkpt lat="51.175890024751425" lon="2.86009001545608"/>
      <trkpt lat="51.175800003111362" lon="2.859679972752929"/>
      <trkpt lat="51.175669999793172" lon="2.859119977802038"/>
      <trkpt lat="51.175570003688335" lon="2.858529975637794"/>
      <trkpt lat="51.175500014796853" lon="2.858169972896576"/>
      <trkpt lat="51.175070023164153" lon="2.856519995257258"/>
      <trkpt lat="51.175010008737445" lon="2.856250014156103"/>
      <trkpt lat="51.174929961562157" lon="2.855699993669987"/>
      <trkpt lat="51.17482996545732" lon="2.855479968711734"/>
      <trkpt lat="51.17471999488771" lon="2.855279976502061"/>
      <trkpt lat="51.174670038744807" lon="2.855139998719096"/>
      <trkpt lat="51.174659980461001" lon="2.855070009827614"/>
      <trkpt lat="51.174650005996227" lon="2.854960039258003"/>
      <trkpt lat="51.174650005996227" lon="2.854960039258003"/>
      <trkpt lat="51.174599966034293" lon="2.853980027139187"/>
      <trkpt lat="51.174529977142811" lon="2.853339985013008"/>
      <trkpt lat="51.174550009891391" lon="2.853330010548234"/>
      <trkpt lat="51.174599966034293" lon="2.85332003608346"/>
      <trkpt lat="51.175660025328398" lon="2.852919967845082"/>
      <trkpt lat="51.175930006429553" lon="2.852789964526892"/>
      <trkpt lat="51.176239969208837" lon="2.852589972317219"/>
      <trkpt lat="51.176599971950054" lon="2.852270035073161"/>
      <trkpt lat="51.176959974691272" lon="2.851899974048138"/>
      <trkpt lat="51.178209967911243" lon="2.850400032475591"/>
      <trkpt lat="51.178399985656142" lon="2.850210014730692"/>
      <trkpt lat="51.17888999171555" lon="2.8498400375247"/>
      <trkpt lat="51.179600022733212" lon="2.849409962072968"/>
      <trkpt lat="51.180480038747191" lon="2.848909981548786"/>
      <trkpt lat="51.180639965459704" lon="2.848869999870658"/>
      <trkpt lat="51.180959986522794" lon="2.848879974335432"/>
      <trkpt lat="51.181029975414276" lon="2.848860025405884"/>
      <trkpt lat="51.181150004267693" lon="2.848790036514401"/>
      <trkpt lat="51.181340022012591" lon="2.848609993234277"/>
      <trkpt lat="51.182230012491345" lon="2.847769958898425"/>
      <trkpt lat="51.183080021291971" lon="2.847039978951216"/>
      <trkpt lat="51.183180017396808" lon="2.847269978374243"/>
      <trkpt lat="51.183259980753064" lon="2.847450021654367"/>
      <trkpt lat="51.183319995179772" lon="2.847589999437332"/>
      <trkpt lat="51.183380009606481" lon="2.847740035504103"/>
      <trkpt lat="51.183440024033189" lon="2.847910020500422"/>
      <trkpt lat="51.183589976280928" lon="2.848410001024604"/>
      <trkpt lat="51.183740012347698" lon="2.848920039832592"/>
      <trkpt lat="51.183830033987761" lon="2.84926000982523"/>
      <trkpt lat="51.183900022879243" lon="2.849499983713031"/>
      <trkpt lat="51.184079982340336" lon="2.850110018625855"/>
      <trkpt lat="51.184339988976717" lon="2.851039990782738"/>
      <trkpt lat="51.184449959546328" lon="2.851430000737309"/>
      <trkpt lat="51.184509973973036" lon="2.851660000160336"/>
      <trkpt lat="51.184550039470196" lon="2.851820010691881"/>
      <trkpt lat="51.184599995613098" lon="2.852050010114908"/>
      <trkpt lat="51.184639977291226" lon="2.852270035073161"/>
      <trkpt lat="51.18466998450458" lon="2.852470027282834"/>
      <trkpt lat="51.184699991717935" lon="2.852679993957281"/>
      <trkpt lat="51.184750031679869" lon="2.853139992803335"/>
      <trkpt lat="51.184790013357997" lon="2.853509970009327"/>
      <trkpt lat="51.184839969500899" lon="2.853920012712479"/>
      <trkpt lat="51.184880034998059" lon="2.854229975491762"/>
      <trkpt lat="51.184920016676188" lon="2.854500040411949"/>
      <trkpt lat="51.184980031102896" lon="2.854859959334135"/>
      <trkpt lat="51.185029987245798" lon="2.855130024254322"/>
      <trkpt lat="51.18509997613728" lon="2.85546999424696"/>
      <trkpt lat="51.185250012204051" lon="2.856099978089333"/>
      <trkpt lat="51.185269961133599" lon="2.856199974194169"/>
      <trkpt lat="51.185429971665144" lon="2.856859965249896"/>
      <trkpt lat="51.185629963874817" lon="2.857720032334328"/>
      <trkpt lat="51.185740018263459" lon="2.858180031180382"/>
      <trkpt lat="51.185949984937906" lon="2.859070021659136"/>
      <trkpt lat="51.186030032113194" lon="2.859409991651773"/>
      <trkpt lat="51.186030032113194" lon="2.859409991651773"/>
      <trkpt lat="51.186030032113194" lon="2.859409991651773"/>
      <trkpt lat="51.186049981042743" lon="2.859519962221384"/>
      <trkpt lat="51.186060039326549" lon="2.859590034931898"/>
      <trkpt lat="51.186079988256097" lon="2.859760019928217"/>
      <trkpt lat="51.186049981042743" lon="2.859779968857765"/>
      <trkpt lat="51.186030032113194" lon="2.859800001606345"/>
      <trkpt lat="51.186009999364614" lon="2.859830008819699"/>
      <trkpt lat="51.18600002489984" lon="2.859860016033053"/>
      <trkpt lat="51.185989966616035" lon="2.859909972175956"/>
      <trkpt lat="51.185989966616035" lon="2.859969986602664"/>
      <trkpt lat="51.185989966616035" lon="2.860009968280792"/>
      <trkpt lat="51.18600002489984" lon="2.860060008242726"/>
      <trkpt lat="51.186019973829389" lon="2.860109964385629"/>
      <trkpt lat="51.186060039326549" lon="2.860139971598983"/>
      <trkpt lat="51.186100021004677" lon="2.860150029882789"/>
      <trkpt lat="51.186140002682805" lon="2.860139971598983"/>
      <trkpt lat="51.186170009896159" lon="2.860120022669435"/>
      <trkpt lat="51.186189958825707" lon="2.86009001545608"/>
      <trkpt lat="51.186200017109513" lon="2.8600699827075"/>
      <trkpt lat="51.186209991574287" lon="2.860039975494146"/>
      <trkpt lat="51.186219966039062" lon="2.859990019351244"/>
      <trkpt lat="51.186319962143898" lon="2.85996001213789"/>
      <trkpt lat="51.186439990997314" lon="2.85996001213789"/>
      <trkpt lat="51.187749998643994" lon="2.860020026564598"/>
      <trkpt lat="51.188330026343465" lon="2.860039975494146"/>
      <trkpt lat="51.188890021294355" lon="2.860060008242726"/>
      <trkpt lat="51.189109962433577" lon="2.860060008242726"/>
      <trkpt lat="51.189199984073639" lon="2.860050033777952"/>
      <trkpt lat="51.189269972965121" lon="2.860030001029372"/>
      <trkpt lat="51.189350020140409" lon="2.859990019351244"/>
      <trkpt lat="51.189410034567118" lon="2.859950037673116"/>
      <trkpt lat="51.189489997923374" lon="2.859879964962602"/>
      <trkpt lat="51.189569961279631" lon="2.859790027141571"/>
      <trkpt lat="51.189670041203499" lon="2.859619958326221"/>
      <trkpt lat="51.189819993451238" lon="2.859330028295517"/>
      <trkpt lat="51.189919989556074" lon="2.859140010550618"/>
      <trkpt lat="51.190059967339039" lon="2.858889978379011"/>
      <trkpt lat="51.190170021727681" lon="2.858689986169338"/>
      <trkpt lat="51.190249985083938" lon="2.858550008386374"/>
      <trkpt lat="51.190379988402128" lon="2.858329983428121"/>
      <trkpt lat="51.190460035577416" lon="2.858210038393736"/>
      <trkpt lat="51.190560031682253" lon="2.858060002326965"/>
      <trkpt lat="51.190779972821474" lon="2.857760014012456"/>
      <trkpt lat="51.190999997779727" lon="2.857460025697947"/>
      <trkpt lat="51.191390007734299" lon="2.856949986889958"/>
      <trkpt lat="51.191550018265843" lon="2.856749994680285"/>
      <trkpt lat="51.191769959405065" lon="2.85648001357913"/>
      <trkpt lat="51.191950002685189" lon="2.856250014156103"/>
      <trkpt lat="51.192110013216734" lon="2.85605002194643"/>
      <trkpt lat="51.192219983786345" lon="2.855890011414886"/>
      <trkpt lat="51.192279998213053" lon="2.855809964239597"/>
      <trkpt lat="51.192379994317889" lon="2.855660011991858"/>
      <trkpt lat="51.192379994317889" lon="2.855660011991858"/>
      <trkpt lat="51.192379994317889" lon="2.855660011991858"/>
      <trkpt lat="51.192540004849434" lon="2.855369998142123"/>
      <trkpt lat="51.19266003370285" lon="2.855139998719096"/>
      <trkpt lat="51.192779978737235" lon="2.854849984869361"/>
      <trkpt lat="51.192900007590652" lon="2.854519989341497"/>
      <trkpt lat="51.193020036444068" lon="2.854150012135506"/>
      <trkpt lat="51.193109974265099" lon="2.853799983859062"/>
      <trkpt lat="51.193179963156581" lon="2.853499995544553"/>
      <trkpt lat="51.193260010331869" lon="2.853079978376627"/>
      <trkpt lat="51.19339001365006" lon="2.852410012856126"/>
      <trkpt lat="51.193439969792962" lon="2.852180013433099"/>
      <trkpt lat="51.193539965897799" lon="2.851680032908916"/>
      <trkpt lat="51.193720009177923" lon="2.850709995254874"/>
      <trkpt lat="51.193899968639016" lon="2.84979997202754"/>
      <trkpt lat="51.194070037454367" lon="2.84896002151072"/>
      <trkpt lat="51.194259971380234" lon="2.847999958321452"/>
      <trkpt lat="51.19440003298223" lon="2.847250029444695"/>
      <trkpt lat="51.194519978016615" lon="2.846649968996644"/>
      <trkpt lat="51.194640006870031" lon="2.846110006794333"/>
      <trkpt lat="51.19478995911777" lon="2.845580019056797"/>
      <trkpt lat="51.194870006293058" lon="2.84535001963377"/>
      <trkpt lat="51.194979976862669" lon="2.845080038532615"/>
      <trkpt lat="51.195019958540797" lon="2.844990016892552"/>
      <trkpt lat="51.195060024037957" lon="2.84492002800107"/>
      <trkpt lat="51.195139987394214" lon="2.844769991934299"/>
      <trkpt lat="51.19526001624763" lon="2.844679970294237"/>
      <trkpt lat="51.195339979603887" lon="2.844590032473207"/>
      <trkpt lat="51.195390019565821" lon="2.844539992511272"/>
      <trkpt lat="51.195450033992529" lon="2.844509985297918"/>
      <trkpt lat="51.195499990135431" lon="2.844519959762692"/>
      <trkpt lat="51.195550030097365" lon="2.844549966976047"/>
      <trkpt lat="51.195590011775494" lon="2.844600006937981"/>
      <trkpt lat="51.19566997513175" lon="2.844700003042817"/>
      <trkpt lat="51.195810036733747" lon="2.844869988039136"/>
      <trkpt lat="51.19611999951303" lon="2.845559986308217"/>
      <trkpt lat="51.196480002254248" lon="2.846370013430715"/>
      <trkpt lat="51.197149967774749" lon="2.847850006073713"/>
      <trkpt lat="51.197980027645826" lon="2.849720008671284"/>
      <trkpt lat="51.19831002317369" lon="2.850440014153719"/>
      <trkpt lat="51.1984199937433" lon="2.850689962506294"/>
      <trkpt lat="51.198450000956655" lon="2.850760035216808"/>
      <trkpt lat="51.198640018701553" lon="2.851190026849508"/>
      <trkpt lat="51.198640018701553" lon="2.851190026849508"/>
      <trkpt lat="51.199939968064427" lon="2.854069964960217"/>
      <trkpt lat="51.200800035148859" lon="2.855999981984496"/>
      <trkpt lat="51.201240001246333" lon="2.856970019638538"/>
      <trkpt lat="51.201980039477348" lon="2.858619997277856"/>
      <trkpt lat="51.202210038900375" lon="2.859119977802038"/>
      <trkpt lat="51.202870029956102" lon="2.860569963231683"/>
      <trkpt lat="51.202980000525713" lon="2.86079996265471"/>
      <trkpt lat="51.203279988840222" lon="2.861479986459017"/>
      <trkpt lat="51.203500013798475" lon="2.861990025267005"/>
      <trkpt lat="51.203649966046214" lon="2.862329995259643"/>
      <trkpt lat="51.203679973259568" lon="2.862290013581514"/>
      <trkpt lat="51.203950038179755" lon="2.861999999731779"/>
      <trkpt lat="51.205440005287528" lon="2.860380029305816"/>
      <trkpt lat="51.20550999417901" lon="2.860329989343882"/>
      <trkpt lat="51.206150036305189" lon="2.85953002050519"/>
      <trkpt lat="51.206750012934208" lon="2.858849996700883"/>
      <trkpt lat="51.206880016252398" lon="2.858819989487529"/>
      <trkpt lat="51.206999961286783" lon="2.858810015022755"/>
      <trkpt lat="51.207050001248717" lon="2.858800040557981"/>
      <trkpt lat="51.207050001248717" lon="2.858800040557981"/>
      <trkpt lat="51.207050001248717" lon="2.858800040557981"/>
      <trkpt lat="51.206929972395301" lon="2.858510026708245"/>
      <trkpt lat="51.206870041787624" lon="2.858359990641475"/>
      <trkpt lat="51.20671003125608" lon="2.857990013435483"/>
      <trkpt lat="51.206610035151243" lon="2.857750039547682"/>
      <trkpt lat="51.206529987975955" lon="2.857569996267557"/>
      <trkpt lat="51.206450024619699" lon="2.857379978522658"/>
      <trkpt lat="51.206399984657764" lon="2.857260033488274"/>
      <trkpt lat="51.206350028514862" lon="2.857149979099631"/>
      <trkpt lat="51.20580998249352" lon="2.85589998587966"/>
      <trkpt lat="51.205419972538948" lon="2.855009995400906"/>
      <trkpt lat="51.20535995811224" lon="2.854859959334135"/>
      <trkpt lat="51.205049995332956" lon="2.854150012135506"/>
      <trkpt lat="51.204880010336637" lon="2.853769976645708"/>
      <trkpt lat="51.204120023176074" lon="2.85201002843678"/>
      <trkpt lat="51.202150024473667" lon="2.847480028867722"/>
      <trkpt lat="51.201600003987551" lon="2.84623003564775"/>
      <trkpt lat="51.201100023463368" lon="2.845080038532615"/>
      <trkpt lat="51.200419999659061" lon="2.843519998714328"/>
      <trkpt lat="51.200299970805645" lon="2.843229984864593"/>
      <trkpt lat="51.199490027502179" lon="2.841380015015602"/>
      <trkpt lat="51.199420038610697" lon="2.841220004484057"/>
      <trkpt lat="51.199369998648763" lon="2.841099975630641"/>
      <trkpt lat="51.19919003918767" lon="2.840699991211295"/>
      <trkpt lat="51.198919974267483" lon="2.840070007368922"/>
      <trkpt lat="51.198919974267483" lon="2.840070007368922"/>
      <trkpt lat="51.198919974267483" lon="2.840070007368922"/>
      <trkpt lat="51.19871998205781" lon="2.839610008522868"/>
      <trkpt lat="51.198619985952973" lon="2.839389983564615"/>
      <trkpt lat="51.197269996628165" lon="2.836260013282299"/>
      <trkpt lat="51.196440020576119" lon="2.8343500290066"/>
      <trkpt lat="51.196329966187477" lon="2.834090022370219"/>
      <trkpt lat="51.195799978449941" lon="2.832870036363602"/>
      <trkpt lat="51.195569979026914" lon="2.832329990342259"/>
      <trkpt lat="51.194389974698424" lon="2.829590030014515"/>
      <trkpt lat="51.194099960848689" lon="2.828930038958788"/>
      <trkpt lat="51.193739958107471" lon="2.828090004622936"/>
      <trkpt lat="51.193639962002635" lon="2.827850030735135"/>
      <trkpt lat="51.193559998646379" lon="2.82766998745501"/>
      <trkpt lat="51.193290017545223" lon="2.827040003612638"/>
      <trkpt lat="51.192849967628717" lon="2.826029984280467"/>
      <trkpt lat="51.192749971523881" lon="2.82582001760602"/>
      <trkpt lat="51.19266003370285" lon="2.825680039823055"/>
      <trkpt lat="51.192609993740916" lon="2.825609967112541"/>
      <trkpt lat="51.192560037598014" lon="2.825539978221059"/>
      <trkpt lat="51.192460041493177" lon="2.825430007651448"/>
      <trkpt lat="51.192359961569309" lon="2.82534996047616"/>
      <trkpt lat="51.192370019853115" lon="2.825239989906549"/>
      <trkpt lat="51.192370019853115" lon="2.825109986588359"/>
      <trkpt lat="51.192359961569309" lon="2.825019964948297"/>
      <trkpt lat="51.192340012639761" lon="2.824930027127266"/>
      <trkpt lat="51.192310005426407" lon="2.824849979951978"/>
      <trkpt lat="51.192279998213053" lon="2.824770016595721"/>
      <trkpt lat="51.19221000932157" lon="2.824610006064177"/>
      <trkpt lat="51.192110013216734" lon="2.824370032176375"/>
      <trkpt lat="51.191850006580353" lon="2.823780030012131"/>
      <trkpt lat="51.191750010475516" lon="2.823550030589104"/>
      <trkpt lat="51.1916299816221" lon="2.823260016739368"/>
      <trkpt lat="51.191550018265843" lon="2.823060024529696"/>
      <trkpt lat="51.191369974985719" lon="2.82261997461319"/>
      <trkpt lat="51.191299986094236" lon="2.822470022365451"/>
      <trkpt lat="51.1911999899894" lon="2.822240022942424"/>
      <trkpt lat="51.191120026633143" lon="2.822050005197525"/>
      <trkpt lat="51.191020030528307" lon="2.821799973025918"/>
      <trkpt lat="51.190930008888245" lon="2.821569973602891"/>
      <trkpt lat="51.190690035000443" lon="2.821020036935806"/>
      <trkpt lat="51.190690035000443" lon="2.821020036935806"/>
      <trkpt lat="51.190609987825155" lon="2.820849968120456"/>
      <trkpt lat="51.190549973398447" lon="2.820730023086071"/>
      <trkpt lat="51.190479984506965" lon="2.820619968697429"/>
      <trkpt lat="51.190389962866902" lon="2.820489965379238"/>
      <trkpt lat="51.190249985083938" lon="2.820340013131499"/>
      <trkpt lat="51.190089974552393" lon="2.82017002813518"/>
      <trkpt lat="51.189680015668273" lon="2.819750010967255"/>
      <trkpt lat="51.189550012350082" lon="2.81961003318429"/>
      <trkpt lat="51.189420009031892" lon="2.819459997117519"/>
      <trkpt lat="51.189359994605184" lon="2.819360001012683"/>
      <trkpt lat="51.189299980178475" lon="2.819239972159266"/>
      <trkpt lat="51.189129995182157" lon="2.818830013275146"/>
      <trkpt lat="51.188669996336102" lon="2.817710023373365"/>
      <trkpt lat="51.188669996336102" lon="2.817710023373365"/>
      <trkpt lat="51.188639989122748" lon="2.817640034481883"/>
      <trkpt lat="51.187919983640313" lon="2.81827999278903"/>
      <trkpt lat="51.187779335305095" lon="2.81841242685914">
        <time>2026-05-21T13:24:48Z</time>
      </trkpt>
      <trkpt lat="51.187748908996582" lon="2.818443775177002"/>
      <trkpt lat="51.187400221824646" lon="2.817682027816772"/>
      <trkpt lat="51.186899235472083" lon="2.816493222489953"/>
      <trkpt lat="51.186740398406982" lon="2.816104888916016"/>
      <trkpt lat="51.186418533325195" lon="2.815310955047607"/>
      <trkpt lat="51.18605375289917" lon="2.814452648162842"/>
      <trkpt lat="51.186010837554932" lon="2.814388275146484"/>
      <trkpt lat="51.185710430145264" lon="2.813680171966553"/>
      <trkpt lat="51.185495853424072" lon="2.813165187835693"/>
      <trkpt lat="51.185367107391357" lon="2.812821865081787"/>
      <trkpt lat="51.18504524230957" lon="2.812070846557617"/>
      <trkpt lat="51.184980869293213" lon="2.811920642852783"/>
      <trkpt lat="51.184916496276855" lon="2.811770439147949"/>
      <trkpt lat="51.184830665588379" lon="2.811577320098877"/>
      <trkpt lat="51.184701919555664" lon="2.81125545501709"/>
      <trkpt lat="51.184337139129639" lon="2.811684608459473"/>
      <trkpt lat="51.184251308441162" lon="2.811813354492188"/>
      <trkpt lat="51.184036731719971" lon="2.81200647354126"/>
      <trkpt lat="51.183993816375732" lon="2.812049388885498"/>
      <trkpt lat="51.183328628540039" lon="2.812800407409668"/>
      <trkpt lat="51.183071136474609" lon="2.813079357147217"/>
      <trkpt lat="51.182641983032227" lon="2.81348705291748"/>
      <trkpt lat="51.182491779327393" lon="2.813680171966553"/>
      <trkpt lat="51.182234287261963" lon="2.813980579376221"/>
      <trkpt lat="51.18206262588501" lon="2.814216613769531"/>
      <trkpt lat="51.181890964508057" lon="2.814431190490723"/>
      <trkpt lat="51.181654930114746" lon="2.814688682556152"/>
      <trkpt lat="51.181032657623291" lon="2.815482616424561"/>
      <trkpt lat="51.180045604705811" lon="2.816727161407471"/>
      <trkpt lat="51.179680824279785" lon="2.81724214553833"/>
      <trkpt lat="51.17882251739502" lon="2.818465232849121"/>
      <trkpt lat="51.177749633789062" lon="2.820031642913818"/>
      <trkpt lat="51.177341938018799" lon="2.820589542388916"/>
      <trkpt lat="51.176269054412842" lon="2.821168899536133"/>
      <trkpt lat="51.17605447769165" lon="2.822649478912354"/>
      <trkpt lat="51.175711154937744" lon="2.822842597961426"/>
      <trkpt lat="51.174294948577881" lon="2.824022769927979"/>
      <trkpt lat="51.174080371856689" lon="2.824280261993408"/>
      <trkpt lat="51.173844337463379" lon="2.824709415435791"/>
      <trkpt lat="51.169703006744385" lon="2.818679809570312"/>
      <trkpt lat="51.167728900909424" lon="2.81625509262085"/>
      <trkpt lat="51.167449951171875" lon="2.815804481506348"/>
      <trkpt lat="51.167428493499756" lon="2.815353870391846"/>
      <trkpt lat="51.167664527893066" lon="2.81425952911377"/>
      <trkpt lat="51.167728900909424" lon="2.81374454498291"/>
      <trkpt lat="51.167728900909424" lon="2.813379764556885"/>
      <trkpt lat="51.167643070220947" lon="2.812843322753906"/>
      <trkpt lat="51.166355609893799" lon="2.811233997344971"/>
      <trkpt lat="51.1643385887146" lon="2.808830738067627"/>
      <trkpt lat="51.163480281829834" lon="2.807908058166504"/>
      <trkpt lat="51.160304546356201" lon="2.804067134857178"/>
      <trkpt lat="51.158180236816406" lon="2.802371978759766"/>
      <trkpt lat="51.156957149505615" lon="2.802093029022217"/>
      <trkpt lat="51.156206130981445" lon="2.801492214202881"/>
      <trkpt lat="51.156034469604492" lon="2.801470756530762"/>
      <trkpt lat="51.155626773834229" lon="2.801535129547119"/>
      <trkpt lat="51.155283451080322" lon="2.801427841186523"/>
      <trkpt lat="51.155154705047607" lon="2.801449298858643"/>
      <trkpt lat="51.154811382293701" lon="2.801127433776855"/>
      <trkpt lat="51.153523921966553" lon="2.800419330596924"/>
      <trkpt lat="51.152386665344238" lon="2.800161838531494"/>
      <trkpt lat="51.151614189147949" lon="2.800076007843018"/>
      <trkpt lat="51.151549816131592" lon="2.800097465515137"/>
      <trkpt lat="51.151485443115234" lon="2.800140380859375"/>
      <trkpt lat="51.151399612426758" lon="2.800204753875732"/>
      <trkpt lat="51.1513352394104" lon="2.800226211547852"/>
      <trkpt lat="51.151828765869141" lon="2.801449298858643"/>
      <trkpt lat="51.153180599212646" lon="2.804818153381348"/>
      <trkpt lat="51.158180236816406" lon="2.817392349243164"/>
      <trkpt lat="51.160025596618652" lon="2.822005748748779"/>
      <trkpt lat="51.162493228912354" lon="2.827284336090088"/>
      <trkpt lat="51.163802146911621" lon="2.830095291137695"/>
      <trkpt lat="51.163694858551025" lon="2.830030918121338"/>
      <trkpt lat="51.163609027862549" lon="2.8299880027771"/>
      <trkpt lat="51.163051128387451" lon="2.829623222351074"/>
      <trkpt lat="51.162879467010498" lon="2.829580307006836"/>
      <trkpt lat="51.162600517272949" lon="2.829580307006836"/>
      <trkpt lat="51.162192821502686" lon="2.829623222351074"/>
      <trkpt lat="51.161549091339111" lon="2.829709053039551"/>
      <trkpt lat="51.161377429962158" lon="2.82973051071167"/>
      <trkpt lat="51.160883903503418" lon="2.82973051071167"/>
      <trkpt lat="51.160283088684082" lon="2.829923629760742"/>
      <trkpt lat="51.160111427307129" lon="2.830030918121338"/>
      <trkpt lat="51.159961223602295" lon="2.830138206481934"/>
      <trkpt lat="51.15933895111084" lon="2.830610275268555"/>
      <trkpt lat="51.159167289733887" lon="2.830803394317627"/>
      <trkpt lat="51.1588454246521" lon="2.831318378448486"/>
      <trkpt lat="51.15858793258667" lon="2.831833362579346"/>
      <trkpt lat="51.158115863800049" lon="2.833077907562256"/>
      <trkpt lat="51.157922744750977" lon="2.833614349365234"/>
      <trkpt lat="51.1578369140625" lon="2.834086418151855"/>
      <trkpt lat="51.157772541046143" lon="2.834622859954834"/>
      <trkpt lat="51.157622337341309" lon="2.835245132446289"/>
      <trkpt lat="51.15734338760376" lon="2.836747169494629"/>
      <trkpt lat="51.156871318817139" lon="2.838442325592041"/>
      <trkpt lat="51.15659236907959" lon="2.83921480178833"/>
      <trkpt lat="51.156291961669922" lon="2.839858531951904"/>
      <trkpt lat="51.155712604522705" lon="2.840437889099121"/>
      <trkpt lat="51.155626773834229" lon="2.840330600738525"/>
      <trkpt lat="51.155476570129395" lon="2.840330600738525"/>
      <trkpt lat="51.155326366424561" lon="2.840502262115479"/>
      <trkpt lat="51.155283451080322" lon="2.840631008148193"/>
      <trkpt lat="51.155304908752441" lon="2.840909957885742"/>
      <trkpt lat="51.154897212982178" lon="2.84170389175415"/>
      <trkpt lat="51.153030395507812" lon="2.844686508178711"/>
      <trkpt lat="51.15260124206543" lon="2.845330238342285"/>
      <trkpt lat="51.152257919311523" lon="2.845888137817383"/>
      <trkpt lat="51.151957511901855" lon="2.846360206604004"/>
      <trkpt lat="51.151700019836426" lon="2.846767902374268"/>
      <trkpt lat="51.151313781738281" lon="2.847390174865723"/>
      <trkpt lat="51.150777339935303" lon="2.848248481750488"/>
      <trkpt lat="51.150519847869873" lon="2.848634719848633"/>
      <trkpt lat="51.150004863739014" lon="2.84945011138916"/>
      <trkpt lat="51.149897575378418" lon="2.849643230438232"/>
      <trkpt lat="51.149704456329346" lon="2.8499436378479"/>
      <trkpt lat="51.149275302886963" lon="2.850608825683594"/>
      <trkpt lat="51.148996353149414" lon="2.851059436798096"/>
      <trkpt lat="51.14809513092041" lon="2.85245418548584"/>
      <trkpt lat="51.147472858428955" lon="2.85344123840332"/>
      <trkpt lat="51.147236824035645" lon="2.853763103485107"/>
      <trkpt lat="51.146507263183594" lon="2.854664325714111"/>
      <trkpt lat="51.144704818725586" lon="2.856960296630859"/>
      <trkpt lat="51.143996715545654" lon="2.857840061187744"/>
      <trkpt lat="51.143739223480225" lon="2.858140468597412"/>
      <trkpt lat="51.143417358398438" lon="2.858483791351318"/>
      <trkpt lat="51.143181324005127" lon="2.858676910400391"/>
      <trkpt lat="51.143031120300293" lon="2.858827114105225"/>
      <trkpt lat="51.14311695098877" lon="2.85919189453125"/>
      <trkpt lat="51.14309549331665" lon="2.859320640563965"/>
      <trkpt lat="51.141979694366455" lon="2.860307693481445"/>
      <trkpt lat="51.141915321350098" lon="2.860522270202637"/>
      <trkpt lat="51.142237186431885" lon="2.863011360168457"/>
      <trkpt lat="51.14260196685791" lon="2.865800857543945"/>
      <trkpt lat="51.143181324005127" lon="2.871701717376709"/>
      <trkpt lat="51.143395900726318" lon="2.872967720031738"/>
      <trkpt lat="51.143481731414795" lon="2.873160839080811"/>
      <trkpt lat="51.145219802856445" lon="2.875092029571533"/>
      <trkpt lat="51.145391464233398" lon="2.875585556030273"/>
      <trkpt lat="51.146013736724854" lon="2.876594066619873"/>
      <trkpt lat="51.146056652069092" lon="2.876830101013184"/>
      <trkpt lat="51.146013736724854" lon="2.877130508422852"/>
      <trkpt lat="51.145820617675781" lon="2.878096103668213"/>
      <trkpt lat="51.145820617675781" lon="2.878611087799072"/>
      <trkpt lat="51.146185398101807" lon="2.88067102432251"/>
      <trkpt lat="51.146571636199951" lon="2.881808280944824"/>
      <trkpt lat="51.146614551544189" lon="2.882130146026611"/>
      <trkpt lat="51.146464347839355" lon="2.883095741271973"/>
      <trkpt lat="51.146271228790283" lon="2.883546352386475"/>
      <trkpt lat="51.146228313446045" lon="2.883889675140381"/>
      <trkpt lat="51.146142482757568" lon="2.886765003204346"/>
      <trkpt lat="51.146464347839355" lon="2.889468669891357"/>
      <trkpt lat="51.146614551544189" lon="2.890133857727051"/>
      <trkpt lat="51.146829128265381" lon="2.890691757202148"/>
      <trkpt lat="51.146979331970215" lon="2.890970706939697"/>
      <trkpt lat="51.147150993347168" lon="2.890970706939697"/>
      <trkpt lat="51.147644519805908" lon="2.890498638153076"/>
      <trkpt lat="51.147944927215576" lon="2.890284061431885"/>
      <trkpt lat="51.148030757904053" lon="2.89039134979248"/>
      <trkpt lat="51.14809513092041" lon="2.890584468841553"/>
      <trkpt lat="51.146078109741211" lon="2.892215251922607"/>
      <trkpt lat="51.145734786987305" lon="2.892451286315918"/>
      <trkpt lat="51.145541667938232" lon="2.892580032348633"/>
      <trkpt lat="51.145477294921875" lon="2.892622947692871"/>
      <trkpt lat="51.143481731414795" lon="2.894167900085449"/>
      <trkpt lat="51.142580509185791" lon="2.894940376281738"/>
      <trkpt lat="51.142151355743408" lon="2.895498275756836"/>
      <trkpt lat="51.141808032989502" lon="2.896077632904053"/>
      <trkpt lat="51.141550540924072" lon="2.89663553237915"/>
      <trkpt lat="51.141250133514404" lon="2.897579669952393"/>
      <trkpt lat="51.141078472137451" lon="2.898566722869873"/>
      <trkpt lat="51.140778064727783" lon="2.90339469909668"/>
      <trkpt lat="51.140584945678711" lon="2.906699180603027"/>
      <trkpt lat="51.140177249908447" lon="2.910304069519043"/>
      <trkpt lat="51.140263080596924" lon="2.914166450500488"/>
      <trkpt lat="51.14011287689209" lon="2.917020320892334"/>
      <trkpt lat="51.139941215515137" lon="2.917985916137695"/>
      <trkpt lat="51.139748096466064" lon="2.918500900268555"/>
      <trkpt lat="51.139512062072754" lon="2.918887138366699"/>
      <trkpt lat="51.139125823974609" lon="2.919402122497559"/>
      <trkpt lat="51.13886833190918" lon="2.91961669921875"/>
      <trkpt lat="51.138031482696533" lon="2.920131683349609"/>
      <trkpt lat="51.137709617614746" lon="2.920303344726562"/>
      <trkpt lat="51.13785982131958" lon="2.920818328857422"/>
      <trkpt lat="51.137967109680176" lon="2.921075820922852"/>
      <trkpt lat="51.138160228729248" lon="2.921783924102783"/>
      <trkpt lat="51.138288974761963" lon="2.922706604003906"/>
      <trkpt lat="51.13835334777832" lon="2.923221588134766"/>
      <trkpt lat="51.138396263122559" lon="2.9233717918396"/>
      <trkpt lat="51.138932704925537" lon="2.924895286560059"/>
      <trkpt lat="51.139039993286133" lon="2.925388813018799"/>
      <trkpt lat="51.139125823974609" lon="2.926375865936279"/>
      <trkpt lat="51.139318943023682" lon="2.928371429443359"/>
      <trkpt lat="51.139426231384277" lon="2.92910099029541"/>
      <trkpt lat="51.139469146728516" lon="2.92910099029541"/>
      <trkpt lat="51.139490604400635" lon="2.929165363311768"/>
      <trkpt lat="51.139812469482422" lon="2.931010723114014"/>
      <trkpt lat="51.140220165252686" lon="2.932212352752686"/>
      <trkpt lat="51.141164302825928" lon="2.936160564422607"/>
      <trkpt lat="51.141765117645264" lon="2.938134670257568"/>
      <trkpt lat="51.142258644104004" lon="2.939808368682861"/>
      <trkpt lat="51.143181324005127" lon="2.941825389862061"/>
      <trkpt lat="51.143825054168701" lon="2.942662239074707"/>
      <trkpt lat="51.144018173217773" lon="2.942984104156494"/>
      <trkpt lat="51.144661903381348" lon="2.944400310516357"/>
      <trkpt lat="51.144897937774658" lon="2.945365905761719"/>
      <trkpt lat="51.14485502243042" lon="2.945408821105957"/>
      <trkpt lat="51.144983768463135" lon="2.945945262908936"/>
      <trkpt lat="51.145069599151611" lon="2.946224212646484"/>
      <trkpt lat="51.145219802856445" lon="2.946846485137939"/>
      <trkpt lat="51.145262718200684" lon="2.94708251953125"/>
      <trkpt lat="51.145327091217041" lon="2.94734001159668"/>
      <trkpt lat="51.145498752593994" lon="2.948026657104492"/>
      <trkpt lat="51.146142482757568" lon="2.950708866119385"/>
      <trkpt lat="51.146228313446045" lon="2.950880527496338"/>
      <trkpt lat="51.146399974822998" lon="2.951159477233887"/>
      <trkpt lat="51.147022247314453" lon="2.951717376708984"/>
      <trkpt lat="51.147429943084717" lon="2.952060699462891"/>
      <trkpt lat="51.147687435150146" lon="2.952296733856201"/>
      <trkpt lat="51.149017810821533" lon="2.953519821166992"/>
      <trkpt lat="51.149511337280273" lon="2.953970432281494"/>
      <trkpt lat="51.148931980133057" lon="2.954914569854736"/>
      <trkpt lat="51.148781776428223" lon="2.955150604248047"/>
      <trkpt lat="51.148481369018555" lon="2.955622673034668"/>
      <trkpt lat="51.148395538330078" lon="2.955751419067383"/>
      <trkpt lat="51.146678924560547" lon="2.958540916442871"/>
      <trkpt lat="51.146507263183594" lon="2.958841323852539"/>
      <trkpt lat="51.146378517150879" lon="2.95907735824585"/>
      <trkpt lat="51.14609956741333" lon="2.959485054016113"/>
      <trkpt lat="51.1458420753479" lon="2.959892749786377"/>
      <trkpt lat="51.145713329315186" lon="2.960128784179688"/>
      <trkpt lat="51.145262718200684" lon="2.960836887359619"/>
      <trkpt lat="51.141893863677979" lon="2.96630859375"/>
      <trkpt lat="51.141915321350098" lon="2.966351509094238"/>
      <trkpt lat="51.142001152038574" lon="2.96806812286377"/>
      <trkpt lat="51.142086982727051" lon="2.968432903289795"/>
      <trkpt lat="51.14234447479248" lon="2.969076633453369"/>
      <trkpt lat="51.142773628234863" lon="2.969741821289062"/>
      <trkpt lat="51.142923831939697" lon="2.969934940338135"/>
      <trkpt lat="51.143674850463867" lon="2.97055721282959"/>
      <trkpt lat="51.143803596496582" lon="2.970750331878662"/>
      <trkpt lat="51.143867969512939" lon="2.971007823944092"/>
      <trkpt lat="51.143803596496582" lon="2.971887588500977"/>
      <trkpt lat="51.143975257873535" lon="2.972638607025146"/>
      <trkpt lat="51.144683361053467" lon="2.973926067352295"/>
      <trkpt lat="51.144940853118896" lon="2.974569797515869"/>
      <trkpt lat="51.145455837249756" lon="2.975578308105469"/>
      <trkpt lat="51.146078109741211" lon="2.977488040924072"/>
      <trkpt lat="51.146399974822998" lon="2.978110313415527"/>
      <trkpt lat="51.147215366363525" lon="2.980599403381348"/>
      <trkpt lat="51.147365570068359" lon="2.980556488037109"/>
      <trkpt lat="51.147644519805908" lon="2.98180103302002"/>
      <trkpt lat="51.14809513092041" lon="2.982680797576904"/>
      <trkpt lat="51.148695945739746" lon="2.984697818756104"/>
      <trkpt lat="51.14910364151001" lon="2.985255718231201"/>
      <trkpt lat="51.149275302886963" lon="2.985770702362061"/>
      <trkpt lat="51.149382591247559" lon="2.985877990722656"/>
      <trkpt lat="51.149618625640869" lon="2.985877990722656"/>
      <trkpt lat="51.149704456329346" lon="2.988324165344238"/>
      <trkpt lat="51.149747371673584" lon="2.988603115081787"/>
      <trkpt lat="51.149983406066895" lon="2.98926830291748"/>
      <trkpt lat="51.150133609771729" lon="2.99004077911377"/>
      <trkpt lat="51.150455474853516" lon="2.99201488494873"/>
      <trkpt lat="51.150670051574707" lon="2.993688583374023"/>
      <trkpt lat="51.151442527770996" lon="2.997636795043945"/>
      <trkpt lat="51.151528358459473" lon="2.999160289764404"/>
      <trkpt lat="51.151463985443115" lon="2.999460697174072"/>
      <trkpt lat="51.151120662689209" lon="2.999954223632812"/>
      <trkpt lat="51.151077747344971" lon="3.000147342681885"/>
      <trkpt lat="51.151871681213379" lon="3.000147342681885"/>
      <trkpt lat="51.15260124206543" lon="3.000340461730957"/>
      <trkpt lat="51.152880191802979" lon="3.000319004058838"/>
      <trkpt lat="51.15333080291748" lon="3.0002760887146"/>
      <trkpt lat="51.15358829498291" lon="3.000190258026123"/>
      <trkpt lat="51.15410327911377" lon="3.00001859664917"/>
      <trkpt lat="51.154489517211914" lon="2.999482154846191"/>
      <trkpt lat="51.154983043670654" lon="2.998623847961426"/>
      <trkpt lat="51.155304908752441" lon="2.99828052520752"/>
      <trkpt lat="51.155562400817871" lon="2.998108863830566"/>
      <trkpt lat="51.156699657440186" lon="2.997958660125732"/>
      <trkpt lat="51.157321929931641" lon="2.997443675994873"/>
      <trkpt lat="51.157793998718262" lon="2.997250556945801"/>
      <trkpt lat="51.158909797668457" lon="2.997314929962158"/>
      <trkpt lat="51.159017086029053" lon="2.997679710388184"/>
      <trkpt lat="51.159639358520508" lon="2.999610900878906"/>
      <trkpt lat="51.159746646881104" lon="2.999868392944336"/>
      <trkpt lat="51.160154342651367" lon="3.00100564956665"/>
      <trkpt lat="51.160240173339844" lon="3.001220226287842"/>
      <trkpt lat="51.160690784454346" lon="3.002443313598633"/>
      <trkpt lat="51.161098480224609" lon="3.003215789794922"/>
      <trkpt lat="51.161763668060303" lon="3.004417419433594"/>
      <trkpt lat="51.16182804107666" lon="3.004524707794189"/>
      <trkpt lat="51.162064075469971" lon="3.004932403564453"/>
      <trkpt lat="51.162471771240234" lon="3.005661964416504"/>
      <trkpt lat="51.163008213043213" lon="3.006627559661865"/>
      <trkpt lat="51.163179874420166" lon="3.006970882415771"/>
      <trkpt lat="51.163480281829834" lon="3.007657527923584"/>
      <trkpt lat="51.163802146911621" lon="3.00875186920166"/>
      <trkpt lat="51.163930892944336" lon="3.009395599365234"/>
      <trkpt lat="51.164059638977051" lon="3.010017871856689"/>
      <trkpt lat="51.164231300354004" lon="3.010790348052979"/>
      <trkpt lat="51.164360046386719" lon="3.011369705200195"/>
      <trkpt lat="51.164488792419434" lon="3.012378215789795"/>
      <trkpt lat="51.164424419403076" lon="3.013601303100586"/>
      <trkpt lat="51.164424419403076" lon="3.01375150680542"/>
      <trkpt lat="51.164402961730957" lon="3.014309406280518"/>
      <trkpt lat="51.164445877075195" lon="3.0147385597229"/>
      <trkpt lat="51.164488792419434" lon="3.015060424804688"/>
      <trkpt lat="51.164467334747314" lon="3.015468120574951"/>
      <trkpt lat="51.164445877075195" lon="3.015511035919189"/>
      <trkpt lat="51.164166927337646" lon="3.015532493591309"/>
      <trkpt lat="51.163501739501953" lon="3.01600456237793"/>
      <trkpt lat="51.162686347961426" lon="3.016626834869385"/>
      <trkpt lat="51.162106990814209" lon="3.017013072967529"/>
      <trkpt lat="51.16182804107666" lon="3.017227649688721"/>
      <trkpt lat="51.159875392913818" lon="3.018600940704346"/>
      <trkpt lat="51.159939765930176" lon="3.019158840179443"/>
      <trkpt lat="51.159853935241699" lon="3.021368980407715"/>
      <trkpt lat="51.159789562225342" lon="3.023686408996582"/>
      <trkpt lat="51.159875392913818" lon="3.023965358734131"/>
      <trkpt lat="51.160454750061035" lon="3.024094104766846"/>
      <trkpt lat="51.160604953765869" lon="3.025617599487305"/>
      <trkpt lat="51.160690784454346" lon="3.027656078338623"/>
      <trkpt lat="51.160690784454346" lon="3.028535842895508"/>
      <trkpt lat="51.160519123077393" lon="3.029694557189941"/>
      <trkpt lat="51.160047054290771" lon="3.031411170959473"/>
      <trkpt lat="51.160047054290771" lon="3.031797409057617"/>
      <trkpt lat="51.160132884979248" lon="3.032634258270264"/>
      <trkpt lat="51.16008996963501" lon="3.03321361541748"/>
      <trkpt lat="51.159424781799316" lon="3.033385276794434"/>
      <trkpt lat="51.159038543701172" lon="3.033814430236816"/>
      <trkpt lat="51.158223152160645" lon="3.035273551940918"/>
      <trkpt lat="51.157922744750977" lon="3.035702705383301"/>
      <trkpt lat="51.157643795013428" lon="3.036003112792969"/>
      <trkpt lat="51.156978607177734" lon="3.037097454071045"/>
      <trkpt lat="51.155540943145752" lon="3.038921356201172"/>
      <trkpt lat="51.155197620391846" lon="3.039908409118652"/>
      <trkpt lat="51.15459680557251" lon="3.040788173675537"/>
      <trkpt lat="51.153652667999268" lon="3.042654991149902"/>
      <trkpt lat="51.15283727645874" lon="3.043663501739502"/>
      <trkpt lat="51.152794361114502" lon="3.043770790100098"/>
      <trkpt lat="51.152451038360596" lon="3.044285774230957"/>
      <trkpt lat="51.152021884918213" lon="3.044843673706055"/>
      <trkpt lat="51.150949001312256" lon="3.045787811279297"/>
      <trkpt lat="51.150755882263184" lon="3.046002388000488"/>
      <trkpt lat="51.149790287017822" lon="3.047525882720947"/>
      <trkpt lat="51.148760318756104" lon="3.048770427703857"/>
      <trkpt lat="51.148481369018555" lon="3.04919958114624"/>
      <trkpt lat="51.147215366363525" lon="3.050637245178223"/>
      <trkpt lat="51.145970821380615" lon="3.051645755767822"/>
      <trkpt lat="51.145541667938232" lon="3.051989078521729"/>
      <trkpt lat="51.144640445709229" lon="3.052740097045898"/>
      <trkpt lat="51.143696308135986" lon="3.053963184356689"/>
      <trkpt lat="51.143310070037842" lon="3.054478168487549"/>
      <trkpt lat="51.142623424530029" lon="3.055078983306885"/>
      <trkpt lat="51.142086982727051" lon="3.055872917175293"/>
      <trkpt lat="51.14161491394043" lon="3.056302070617676"/>
      <trkpt lat="51.141142845153809" lon="3.056881427764893"/>
      <trkpt lat="51.140756607055664" lon="3.05769681930542"/>
      <trkpt lat="51.140155792236328" lon="3.058555126190186"/>
      <trkpt lat="51.139662265777588" lon="3.059585094451904"/>
      <trkpt lat="51.138653755187988" lon="3.0607008934021"/>
      <trkpt lat="51.136658191680908" lon="3.062095642089844"/>
      <trkpt lat="51.135263442993164" lon="3.062739372253418"/>
      <trkpt lat="51.133160591125488" lon="3.063554763793945"/>
      <trkpt lat="51.132194995880127" lon="3.063619136810303"/>
      <trkpt lat="51.131937503814697" lon="3.063812255859375"/>
      <trkpt lat="51.131701469421387" lon="3.064284324645996"/>
      <trkpt lat="51.131143569946289" lon="3.065357208251953"/>
      <trkpt lat="51.130821704864502" lon="3.065636157989502"/>
      <trkpt lat="51.13037109375" lon="3.065764904022217"/>
      <trkpt lat="51.130156517028809" lon="3.066000938415527"/>
      <trkpt lat="51.130220890045166" lon="3.066322803497314"/>
      <trkpt lat="51.130349636077881" lon="3.066987991333008"/>
      <trkpt lat="51.130242347717285" lon="3.067953586578369"/>
      <trkpt lat="51.130328178405762" lon="3.068790435791016"/>
      <trkpt lat="51.130242347717285" lon="3.069112300872803"/>
      <trkpt lat="51.129169464111328" lon="3.070871829986572"/>
      <trkpt lat="51.128075122833252" lon="3.072202205657959"/>
      <trkpt lat="51.126937866210938" lon="3.073532581329346"/>
      <trkpt lat="51.126079559326172" lon="3.074691295623779"/>
      <trkpt lat="51.129512786865234" lon="3.08016300201416"/>
      <trkpt lat="51.130156517028809" lon="3.081901073455811"/>
      <trkpt lat="51.130220890045166" lon="3.082244396209717"/>
      <trkpt lat="51.130499839782715" lon="3.08340311050415"/>
      <trkpt lat="51.130521297454834" lon="3.083467483520508"/>
      <trkpt lat="51.130714416503906" lon="3.083961009979248"/>
      <trkpt lat="51.131165027618408" lon="3.084690570831299"/>
      <trkpt lat="51.132345199584961" lon="3.086514472961426"/>
      <trkpt lat="51.133418083190918" lon="3.086793422698975"/>
      <trkpt lat="51.133568286895752" lon="3.086879253387451"/>
      <trkpt lat="51.133761405944824" lon="3.087093830108643"/>
      <trkpt lat="51.13386869430542" lon="3.08741569519043"/>
      <trkpt lat="51.133954524993896" lon="3.089175224304199"/>
      <trkpt lat="51.133074760437012" lon="3.08964729309082"/>
      <trkpt lat="51.133096218109131" lon="3.090205192565918"/>
      <trkpt lat="51.133439540863037" lon="3.091771602630615"/>
      <trkpt lat="51.133632659912109" lon="3.092458248138428"/>
      <trkpt lat="51.134083271026611" lon="3.094797134399414"/>
      <trkpt lat="51.135241985321045" lon="3.098616600036621"/>
      <trkpt lat="51.136100292205811" lon="3.101084232330322"/>
      <trkpt lat="51.138911247253418" lon="3.108315467834473"/>
      <trkpt lat="51.13985538482666" lon="3.111598491668701"/>
      <trkpt lat="51.140134334564209" lon="3.112757205963135"/>
      <trkpt lat="51.140155792236328" lon="3.113186359405518"/>
      <trkpt lat="51.140477657318115" lon="3.113400936126709"/>
      <trkpt lat="51.140670776367188" lon="3.113701343536377"/>
      <trkpt lat="51.142559051513672" lon="3.11737060546875"/>
      <trkpt lat="51.142880916595459" lon="3.117971420288086"/>
      <trkpt lat="51.143267154693604" lon="3.118786811828613"/>
      <trkpt lat="51.143503189086914" lon="3.119258880615234"/>
      <trkpt lat="51.144146919250488" lon="3.120546340942383"/>
      <trkpt lat="51.144769191741943" lon="3.12161922454834"/>
      <trkpt lat="51.145284175872803" lon="3.122305870056152"/>
      <trkpt lat="51.145906448364258" lon="3.12286376953125"/>
      <trkpt lat="51.14586353302002" lon="3.123271465301514"/>
      <trkpt lat="51.144018173217773" lon="3.125481605529785"/>
      <trkpt lat="51.143374443054199" lon="3.126146793365479"/>
      <trkpt lat="51.14285945892334" lon="3.126811981201172"/>
      <trkpt lat="51.142709255218506" lon="3.127005100250244"/>
      <trkpt lat="51.141872406005859" lon="3.128013610839844"/>
      <trkpt lat="51.141786575317383" lon="3.128206729888916"/>
      <trkpt lat="51.141786575317383" lon="3.128743171691895"/>
      <trkpt lat="51.14185094833374" lon="3.129258155822754"/>
      <trkpt lat="51.142151355743408" lon="3.130052089691162"/>
      <trkpt lat="51.142430305480957" lon="3.131167888641357"/>
      <trkpt lat="51.142580509185791" lon="3.132369518280029"/>
      <trkpt lat="51.142773628234863" lon="3.133463859558105"/>
      <trkpt lat="51.142923831939697" lon="3.13385009765625"/>
      <trkpt lat="51.143202781677246" lon="3.134515285491943"/>
      <trkpt lat="51.143331527709961" lon="3.135116100311279"/>
      <trkpt lat="51.143395900726318" lon="3.135395050048828"/>
      <trkpt lat="51.143417358398438" lon="3.1355881690979"/>
      <trkpt lat="51.143589019775391" lon="3.136382102966309"/>
      <trkpt lat="51.143331527709961" lon="3.136467933654785"/>
      <trkpt lat="51.143031120300293" lon="3.136553764343262"/>
      <trkpt lat="51.142816543579102" lon="3.136618137359619"/>
      <trkpt lat="51.142408847808838" lon="3.136940002441406"/>
      <trkpt lat="51.142301559448242" lon="3.136982917785645"/>
      <trkpt lat="51.142323017120361" lon="3.137154579162598"/>
      <trkpt lat="51.142559051513672" lon="3.137862682342529"/>
      <trkpt lat="51.142580509185791" lon="3.137969970703125"/>
      <trkpt lat="51.142666339874268" lon="3.138163089752197"/>
      <trkpt lat="51.142988204956055" lon="3.139042854309082"/>
      <trkpt lat="51.143031120300293" lon="3.139193058013916"/>
      <trkpt lat="51.143288612365723" lon="3.13983678817749"/>
      <trkpt lat="51.143696308135986" lon="3.14058780670166"/>
      <trkpt lat="51.143760681152344" lon="3.140716552734375"/>
      <trkpt lat="51.144082546234131" lon="3.141167163848877"/>
      <trkpt lat="51.144168376922607" lon="3.141295909881592"/>
      <trkpt lat="51.144661903381348" lon="3.142046928405762"/>
      <trkpt lat="51.144769191741943" lon="3.142175674438477"/>
      <trkpt lat="51.144833564758301" lon="3.142282962799072"/>
      <trkpt lat="51.144919395446777" lon="3.142390251159668"/>
      <trkpt lat="51.145155429840088" lon="3.142755031585693"/>
      <trkpt lat="51.145370006561279" lon="3.1430983543396"/>
      <trkpt lat="51.145498752593994" lon="3.143270015716553"/>
      <trkpt lat="51.145584583282471" lon="3.143420219421387"/>
      <trkpt lat="51.146035194396973" lon="3.144042491912842"/>
      <trkpt lat="51.146206855773926" lon="3.144321441650391"/>
      <trkpt lat="51.147086620330811" lon="3.145608901977539"/>
      <trkpt lat="51.147580146789551" lon="3.146424293518066"/>
      <trkpt lat="51.148180961608887" lon="3.147647380828857"/>
      <trkpt lat="51.148910522460938" lon="3.149170875549316"/>
      <trkpt lat="51.149017810821533" lon="3.14957857131958"/>
      <trkpt lat="51.14910364151001" lon="3.150157928466797"/>
      <trkpt lat="51.149275302886963" lon="3.151681423187256"/>
      <trkpt lat="51.149511337280273" lon="3.153698444366455"/>
      <trkpt lat="51.149704456329346" lon="3.155608177185059"/>
      <trkpt lat="51.150004863739014" lon="3.158290386199951"/>
      <trkpt lat="51.150155067443848" lon="3.159685134887695"/>
      <trkpt lat="51.150176525115967" lon="3.160457611083984"/>
      <trkpt lat="51.150155067443848" lon="3.160972595214844"/>
      <trkpt lat="51.15009069442749" lon="3.161530494689941"/>
      <trkpt lat="51.149897575378418" lon="3.162260055541992"/>
      <trkpt lat="51.149425506591797" lon="3.163697719573975"/>
      <trkpt lat="51.149210929870605" lon="3.164384365081787"/>
      <trkpt lat="51.149125099182129" lon="3.164620399475098"/>
      <trkpt lat="51.149060726165771" lon="3.164877891540527"/>
      <trkpt lat="51.148910522460938" lon="3.164920806884766"/>
      <trkpt lat="51.148867607116699" lon="3.165135383605957"/>
      <trkpt lat="51.148974895477295" lon="3.165221214294434"/>
      <trkpt lat="51.149039268493652" lon="3.165607452392578"/>
      <trkpt lat="51.14910364151001" lon="3.165779113769531"/>
      <trkpt lat="51.149575710296631" lon="3.166916370391846"/>
      <trkpt lat="51.150069236755371" lon="3.168203830718994"/>
      <trkpt lat="51.150326728820801" lon="3.169276714324951"/>
      <trkpt lat="51.150498390197754" lon="3.170220851898193"/>
      <trkpt lat="51.150798797607422" lon="3.172988891601562"/>
      <trkpt lat="51.150863170623779" lon="3.173589706420898"/>
      <trkpt lat="51.150906085968018" lon="3.173954486846924"/>
      <trkpt lat="51.150970458984375" lon="3.174576759338379"/>
      <trkpt lat="51.151163578033447" lon="3.175520896911621"/>
      <trkpt lat="51.151528358459473" lon="3.176658153533936"/>
      <trkpt lat="51.151742935180664" lon="3.177216053009033"/>
      <trkpt lat="51.151914596557617" lon="3.177688121795654"/>
      <trkpt lat="51.152300834655762" lon="3.178675174713135"/>
      <trkpt lat="51.152429580688477" lon="3.178954124450684"/>
      <trkpt lat="51.152987480163574" lon="3.180370330810547"/>
      <trkpt lat="51.153180599212646" lon="3.180842399597168"/>
      <trkpt lat="51.153781414031982" lon="3.182129859924316"/>
      <trkpt lat="51.153910160064697" lon="3.182365894317627"/>
      <trkpt lat="51.15410327911377" lon="3.182773590087891"/>
      <trkpt lat="51.154875755310059" lon="3.184618949890137"/>
      <trkpt lat="51.154983043670654" lon="3.185112476348877"/>
      <trkpt lat="51.155025959014893" lon="3.185369968414307"/>
      <trkpt lat="51.155004501342773" lon="3.186700344085693"/>
      <trkpt lat="51.155004501342773" lon="3.187365531921387"/>
      <trkpt lat="51.155068874359131" lon="3.18779468536377"/>
      <trkpt lat="51.155068874359131" lon="3.187987804412842"/>
      <trkpt lat="51.15509033203125" lon="3.188180923461914"/>
      <trkpt lat="51.15509033203125" lon="3.188416957855225"/>
      <trkpt lat="51.155111789703369" lon="3.188931941986084"/>
      <trkpt lat="51.155133247375488" lon="3.189082145690918"/>
      <trkpt lat="51.155154705047607" lon="3.189575672149658"/>
      <trkpt lat="51.155197620391846" lon="3.190155029296875"/>
      <trkpt lat="51.155240535736084" lon="3.190820217132568"/>
      <trkpt lat="51.155304908752441" lon="3.191678524017334"/>
      <trkpt lat="51.15534782409668" lon="3.192322254180908"/>
      <trkpt lat="51.155390739440918" lon="3.192880153656006"/>
      <trkpt lat="51.155433654785156" lon="3.193695545196533"/>
      <trkpt lat="51.155626773834229" lon="3.194811344146729"/>
      <trkpt lat="51.155755519866943" lon="3.195304870605469"/>
      <trkpt lat="51.155970096588135" lon="3.195970058441162"/>
      <trkpt lat="51.156141757965088" lon="3.196356296539307"/>
      <trkpt lat="51.156184673309326" lon="3.196463584899902"/>
      <trkpt lat="51.15633487701416" lon="3.196742534637451"/>
      <trkpt lat="51.156656742095947" lon="3.197321891784668"/>
      <trkpt lat="51.157364845275879" lon="3.198287487030029"/>
      <trkpt lat="51.157987117767334" lon="3.199081420898438"/>
      <trkpt lat="51.15833044052124" lon="3.198544979095459"/>
      <trkpt lat="51.158566474914551" lon="3.198180198669434"/>
      <trkpt lat="51.158673763275146" lon="3.198373317718506"/>
      <trkpt lat="51.158914156258106" lon="3.198773972690105"/>
      <trkpt lat="51.158922957256436" lon="3.198791826143861"/>
    </trkseg>
  </trk>
</gpx>